"Time EST","Air Temp (°C)"
"2017-12-01 10:38","-0.1"
"2017-12-01 10:59","0.4"
"2017-12-01 11:18","1.5"
"2017-12-01 11:38","1.7"
"2017-12-01 11:59","2.0"
"2017-12-01 12:18","2.5"
"2017-12-01 12:38","2.4"
"2017-12-01 12:58","2.7"
"2017-12-01 13:18","2.9"
"2017-12-01 13:38","3.3"
"2017-12-01 13:48","3.4"
"2017-12-01 13:58","3.3"
"2017-12-01 14:08","3.4"
"2017-12-01 14:18","3.5"
"2017-12-01 14:28","3.3"
"2017-12-01 14:38","3.1"
"2017-12-01 14:48","2.7"
"2017-12-01 14:58","2.8"
"2017-12-01 15:08","2.5"
"2017-12-01 15:18","2.0"
"2017-12-01 15:28","2.1"
"2017-12-01 15:38","1.8"
"2017-12-01 15:48","1.7"
"2017-12-01 15:58","0.2"
"2017-12-01 16:08","0.0"
"2017-12-01 16:18","-1.3"
"2017-12-01 16:28","-1.4"
"2017-12-01 16:38","-2.3"
"2017-12-01 16:48","-3.0"
"2017-12-01 16:59","-3.1"
"2017-12-01 17:08","-3.4"
"2017-12-01 17:18","-4.0"
"2017-12-01 17:28","-3.8"
"2017-12-01 17:38","-4.3"
"2017-12-01 17:48","-4.5"
"2017-12-01 17:59","-4.7"
"2017-12-01 18:08","-4.6"
"2017-12-01 18:18","-4.9"
"2017-12-01 18:28","-5.0"
"2017-12-01 18:38","-5.2"
"2017-12-01 18:48","-5.3"
"2017-12-01 18:59","-5.6"
"2017-12-01 19:08","-5.4"
"2017-12-01 19:18","-5.2"
"2017-12-01 19:28","-5.4"
"2017-12-01 19:38","-5.8"
"2017-12-01 19:48","-5.5"
"2017-12-01 19:59","-5.4"
"2017-12-01 20:08","-5.3"
"2017-12-01 20:18","-6.0"
"2017-12-01 20:28","-5.9"
"2017-12-01 20:38","-5.7"
"2017-12-01 20:48","-5.9"
"2017-12-01 20:59","-5.9"
"2017-12-01 21:08","-5.4"
"2017-12-01 21:18","-4.8"
"2017-12-01 21:28","-4.3"
"2017-12-01 21:38","-4.4"
"2017-12-01 21:48","-3.8"
"2017-12-01 21:58","-3.7"
"2017-12-01 22:08","-4.2"
"2017-12-01 22:18","-3.9"
"2017-12-01 22:28","-4.2"
"2017-12-01 22:38","-4.0"
"2017-12-01 22:48","-4.1"
"2017-12-01 22:59","-3.7"
"2017-12-01 23:08","-3.7"
"2017-12-01 23:18","-3.4"
"2017-12-01 23:28","-3.3"
"2017-12-01 23:38","-3.1"
"2017-12-01 23:48","-2.9"
"2017-12-01 23:58","-2.8"
"2017-12-02 00:08","-2.6"
"2017-12-02 00:18","-2.8"
"2017-12-02 00:28","-2.8"
"2017-12-02 00:38","-3.1"
"2017-12-02 00:48","-2.9"
"2017-12-02 00:59","-2.9"
"2017-12-02 01:08","-2.9"
"2017-12-02 01:18","-3.1"
"2017-12-02 01:28","-2.9"
"2017-12-02 01:38","-3.0"
"2017-12-02 01:48","-3.1"
"2017-12-02 01:59","-3.1"
"2017-12-02 02:08","-3.1"
"2017-12-02 02:18","-3.2"
"2017-12-02 02:28","-3.0"
"2017-12-02 02:38","-2.7"
"2017-12-02 02:48","-2.4"
"2017-12-02 02:59","-2.6"
"2017-12-02 03:08","-2.6"
"2017-12-02 03:18","-2.3"
"2017-12-02 03:28","-2.2"
"2017-12-02 03:38","-2.1"
"2017-12-02 03:48","-2.2"
"2017-12-02 03:59","-2.2"
"2017-12-02 04:08","-2.4"
"2017-12-02 04:18","-2.4"
"2017-12-02 04:28","-2.5"
"2017-12-02 04:38","-2.5"
"2017-12-02 04:48","-2.6"
"2017-12-02 04:59","-2.6"
"2017-12-02 05:08","-2.5"
"2017-12-02 05:18","-2.4"
"2017-12-02 05:28","-2.5"
"2017-12-02 05:38","-2.5"
"2017-12-02 05:48","-2.6"
"2017-12-02 05:59","-2.6"
"2017-12-02 06:08","-2.6"
"2017-12-02 06:18","-2.8"
"2017-12-02 06:28","-2.8"
"2017-12-02 06:38","-3.0"
"2017-12-02 06:48","-3.0"
"2017-12-02 06:59","-3.2"
"2017-12-02 07:08","-3.3"
"2017-12-02 07:18","-3.5"
"2017-12-02 07:28","-3.5"
"2017-12-02 07:38","-3.5"
"2017-12-02 07:48","-3.5"
"2017-12-02 07:59","-3.7"
"2017-12-02 08:08","-3.7"
"2017-12-02 08:18","-3.8"
"2017-12-02 08:28","-3.8"
"2017-12-02 08:38","-4.1"
"2017-12-02 08:48","-4.0"
"2017-12-02 08:58","-4.0"
"2017-12-02 09:08","-4.1"
"2017-12-02 09:18","-4.1"
"2017-12-02 09:28","-4.0"
"2017-12-02 09:38","-3.9"
"2017-12-02 09:48","-3.8"
"2017-12-02 09:59","-3.6"
"2017-12-02 10:08","-3.7"
"2017-12-02 10:18","-3.2"
"2017-12-02 10:28","-3.2"
"2017-12-02 10:38","-3.0"
"2017-12-02 10:48","-3.1"
"2017-12-02 10:59","-2.7"
"2017-12-02 11:08","-2.7"
"2017-12-02 11:18","-1.6"
"2017-12-02 11:28","-1.3"
"2017-12-02 11:38","-0.6"
"2017-12-02 11:48","-0.4"
"2017-12-02 11:59","-0.4"
"2017-12-02 12:08","-0.1"
"2017-12-02 12:18","1.1"
"2017-12-02 12:28","1.2"
"2017-12-02 12:38","2.4"
"2017-12-02 12:48","1.9"
"2017-12-02 12:59","2.1"
"2017-12-02 13:08","1.7"
"2017-12-02 13:18","1.6"
"2017-12-02 13:28","2.1"
"2017-12-02 13:38","3.4"
"2017-12-02 13:48","2.4"
"2017-12-02 13:59","3.2"
"2017-12-02 14:08","2.7"
"2017-12-02 14:18","3.1"
"2017-12-02 14:28","2.8"
"2017-12-02 14:38","2.3"
"2017-12-02 14:48","2.3"
"2017-12-02 14:58","2.3"
"2017-12-02 15:08","2.2"
"2017-12-02 15:18","1.8"
"2017-12-02 15:28","1.6"
"2017-12-02 15:38","1.0"
"2017-12-02 15:48","0.9"
"2017-12-02 15:59","0.4"
"2017-12-02 16:08","0.3"
"2017-12-02 16:18","-0.8"
"2017-12-02 16:28","-0.9"
"2017-12-02 16:38","-1.6"
"2017-12-02 16:48","-2.0"
"2017-12-02 16:59","-2.5"
"2017-12-02 17:08","-2.7"
"2017-12-02 17:18","-2.8"
"2017-12-02 17:28","-3.0"
"2017-12-02 17:38","-3.2"
"2017-12-02 17:48","-3.2"
"2017-12-02 17:59","-3.4"
"2017-12-02 18:08","-3.4"
"2017-12-02 18:18","-3.3"
"2017-12-02 18:28","-3.2"
"2017-12-02 18:38","-3.4"
"2017-12-02 18:48","-3.4"
"2017-12-02 18:59","-3.5"
"2017-12-02 19:08","-3.4"
"2017-12-02 19:18","-3.3"
"2017-12-02 19:28","-3.3"
"2017-12-02 19:38","-3.3"
"2017-12-02 19:48","-3.3"
"2017-12-02 19:59","-3.2"
"2017-12-02 20:08","-3.2"
"2017-12-02 20:18","-3.2"
"2017-12-02 20:28","-3.2"
"2017-12-02 20:38","-3.1"
"2017-12-02 20:48","-3.1"
"2017-12-02 20:58","-3.0"
"2017-12-02 21:08","-3.0"
"2017-12-02 21:18","-3.0"
"2017-12-02 21:28","-3.0"
"2017-12-02 21:38","-2.9"
"2017-12-02 21:48","-2.8"
"2017-12-02 21:58","-2.8"
"2017-12-02 22:08","-2.8"
"2017-12-02 22:18","-2.7"
"2017-12-02 22:28","-2.6"
"2017-12-02 22:38","-2.6"
"2017-12-02 22:48","-2.5"
"2017-12-02 22:59","-2.3"
"2017-12-02 23:08","-2.2"
"2017-12-02 23:18","-1.9"
"2017-12-02 23:28","-1.9"
"2017-12-02 23:38","-1.7"
"2017-12-02 23:48","-1.6"
"2017-12-02 23:58","-1.5"
"2017-12-03 00:08","-1.5"
"2017-12-03 00:18","-1.4"
"2017-12-03 00:28","-1.4"
"2017-12-03 00:38","-1.4"
"2017-12-03 00:48","-1.4"
"2017-12-03 00:58","-1.3"
"2017-12-03 01:08","-1.4"
"2017-12-03 01:18","-1.5"
"2017-12-03 01:28","-1.5"
"2017-12-03 01:38","-1.6"
"2017-12-03 01:48","-1.6"
"2017-12-03 01:59","-1.7"
"2017-12-03 02:08","-1.7"
"2017-12-03 02:18","-1.8"
"2017-12-03 02:28","-1.7"
"2017-12-03 02:38","-1.7"
"2017-12-03 02:48","-1.7"
"2017-12-03 02:58","-1.6"
"2017-12-03 03:08","-1.5"
"2017-12-03 03:18","-1.4"
"2017-12-03 03:28","-1.4"
"2017-12-03 03:38","-1.3"
"2017-12-03 03:48","-1.3"
"2017-12-03 03:58","-1.2"
"2017-12-03 04:08","-1.2"
"2017-12-03 04:18","-1.1"
"2017-12-03 04:28","-1.1"
"2017-12-03 04:38","-1.1"
"2017-12-03 04:48","-1.0"
"2017-12-03 04:59","-1.0"
"2017-12-03 05:08","-0.9"
"2017-12-03 05:18","-1.0"
"2017-12-03 05:28","-1.0"
"2017-12-03 05:38","-1.0"
"2017-12-03 05:48","-1.0"
"2017-12-03 05:59","-1.0"
"2017-12-03 06:08","-1.0"
"2017-12-03 06:18","-1.1"
"2017-12-03 06:28","-1.1"
"2017-12-03 06:38","-1.0"
"2017-12-03 06:48","-1.0"
"2017-12-03 06:58","-0.9"
"2017-12-03 07:08","-0.8"
"2017-12-03 07:18","-0.8"
"2017-12-03 07:28","-0.8"
"2017-12-03 07:38","-0.9"
"2017-12-03 07:48","-0.8"
"2017-12-03 07:58","-0.7"
"2017-12-03 08:08","-0.7"
"2017-12-03 08:18","-0.6"
"2017-12-03 08:28","-0.8"
"2017-12-03 08:38","-0.6"
"2017-12-03 08:48","-0.6"
"2017-12-03 08:59","-0.2"
"2017-12-03 09:08","-0.1"
"2017-12-03 09:18","0.0"
"2017-12-03 09:28","0.1"
"2017-12-03 09:38","0.3"
"2017-12-03 09:48","0.3"
"2017-12-03 09:59","0.8"
"2017-12-03 10:08","1.0"
"2017-12-03 10:18","1.0"
"2017-12-03 10:28","1.1"
"2017-12-03 10:38","1.4"
"2017-12-03 10:48","1.4"
"2017-12-03 10:58","1.6"
"2017-12-03 11:08","1.8"
"2017-12-03 11:18","2.0"
"2017-12-03 11:28","2.1"
"2017-12-03 11:38","2.4"
"2017-12-03 11:48","2.5"
"2017-12-03 11:58","3.2"
"2017-12-03 12:08","3.4"
"2017-12-03 12:18","4.1"
"2017-12-03 12:28","4.1"
"2017-12-03 12:38","4.4"
"2017-12-03 12:48","4.3"
"2017-12-03 12:58","5.1"
"2017-12-03 13:08","5.0"
"2017-12-03 13:18","5.3"
"2017-12-03 13:28","5.4"
"2017-12-03 13:38","5.6"
"2017-12-03 13:48","5.9"
"2017-12-03 13:58","5.9"
"2017-12-03 14:08","5.9"
"2017-12-03 14:18","5.7"
"2017-12-03 14:28","5.8"
"2017-12-03 14:38","5.3"
"2017-12-03 14:48","4.9"
"2017-12-03 14:58","4.8"
"2017-12-03 15:08","4.6"
"2017-12-03 15:18","4.4"
"2017-12-03 15:28","4.6"
"2017-12-03 15:39","4.3"
"2017-12-03 15:48","3.9"
"2017-12-03 15:58","3.9"
"2017-12-03 16:08","3.7"
"2017-12-03 16:18","3.0"
"2017-12-03 16:28","2.6"
"2017-12-03 16:38","1.4"
"2017-12-03 16:48","0.8"
"2017-12-03 16:58","0.4"
"2017-12-03 17:08","0.3"
"2017-12-03 17:18","0.3"
"2017-12-03 17:28","0.3"
"2017-12-03 17:38","0.2"
"2017-12-03 17:48","0.6"
"2017-12-03 17:58","0.1"
"2017-12-03 18:08","-0.1"
"2017-12-03 18:18","0.0"
"2017-12-03 18:28","0.0"
"2017-12-03 18:38","0.2"
"2017-12-03 18:48","0.0"
"2017-12-03 19:00","-0.1"
"2017-12-03 19:08","0.1"
"2017-12-03 19:18","0.0"
"2017-12-03 19:28","0.0"
"2017-12-03 19:38","-0.2"
"2017-12-03 19:48","-0.3"
"2017-12-03 20:00","-0.4"
"2017-12-03 20:08","-0.5"
"2017-12-03 20:19","-0.7"
"2017-12-03 20:28","-0.7"
"2017-12-03 20:38","-1.3"
"2017-12-03 20:48","-1.3"
"2017-12-03 20:58","-1.4"
"2017-12-03 21:08","-1.2"
"2017-12-03 21:19","-0.9"
"2017-12-03 21:28","-0.9"
"2017-12-03 21:38","-0.8"
"2017-12-03 21:48","-0.8"
"2017-12-03 22:00","-0.7"
"2017-12-03 22:08","-0.8"
"2017-12-03 22:18","-1.2"
"2017-12-03 22:28","-1.2"
"2017-12-03 22:38","-1.2"
"2017-12-03 22:48","-1.1"
"2017-12-03 22:58","-1.2"
"2017-12-03 23:08","-1.3"
"2017-12-03 23:18","-0.9"
"2017-12-03 23:28","-0.6"
"2017-12-03 23:38","-0.6"
"2017-12-03 23:48","-0.5"
"2017-12-03 23:59","-0.3"
"2017-12-04 00:08","-0.2"
"2017-12-04 00:18","-0.3"
"2017-12-04 00:28","-0.2"
"2017-12-04 00:38","-0.1"
"2017-12-04 00:48","-0.2"
"2017-12-04 00:58","0.4"
"2017-12-04 01:08","0.3"
"2017-12-04 01:18","0.7"
"2017-12-04 01:28","0.8"
"2017-12-04 01:38","1.0"
"2017-12-04 01:48","1.0"
"2017-12-04 02:00","1.2"
"2017-12-04 02:08","1.2"
"2017-12-04 02:19","1.4"
"2017-12-04 02:28","1.3"
"2017-12-04 02:39","1.4"
"2017-12-04 02:48","1.4"
"2017-12-04 02:58","1.4"
"2017-12-04 03:08","1.5"
"2017-12-04 03:18","1.4"
"2017-12-04 03:28","1.5"
"2017-12-04 03:38","1.6"
"2017-12-04 03:48","1.5"
"2017-12-04 04:00","1.5"
"2017-12-04 04:08","1.6"
"2017-12-04 04:18","1.6"
"2017-12-04 04:28","1.6"
"2017-12-04 04:38","1.6"
"2017-12-04 04:48","1.6"
"2017-12-04 05:00","1.6"
"2017-12-04 05:08","1.6"
"2017-12-04 05:19","1.5"
"2017-12-04 05:28","1.4"
"2017-12-04 05:38","1.4"
"2017-12-04 05:48","1.4"
"2017-12-04 06:00","1.4"
"2017-12-04 06:08","1.5"
"2017-12-04 06:18","1.4"
"2017-12-04 06:28","1.4"
"2017-12-04 06:38","1.5"
"2017-12-04 06:48","1.6"
"2017-12-04 07:00","1.5"
"2017-12-04 07:08","1.5"
"2017-12-04 07:19","1.4"
"2017-12-04 07:28","1.4"
"2017-12-04 07:38","1.3"
"2017-12-04 07:48","1.2"
"2017-12-04 08:00","1.0"
"2017-12-04 08:08","1.0"
"2017-12-04 08:19","0.9"
"2017-12-04 08:28","0.9"
"2017-12-04 08:39","0.8"
"2017-12-04 08:48","0.8"
"2017-12-04 08:58","0.8"
"2017-12-04 09:08","0.8"
"2017-12-04 09:19","0.7"
"2017-12-04 09:28","0.9"
"2017-12-04 09:38","0.8"
"2017-12-04 09:48","0.9"
"2017-12-04 09:59","0.9"
"2017-12-04 10:08","0.9"
"2017-12-04 10:19","1.1"
"2017-12-04 10:28","1.1"
"2017-12-04 10:38","1.3"
"2017-12-04 10:48","1.2"
"2017-12-04 10:58","1.3"
"2017-12-04 11:08","1.3"
"2017-12-04 11:19","1.3"
"2017-12-04 11:28","1.3"
"2017-12-04 11:38","1.3"
"2017-12-04 11:48","1.3"
"2017-12-04 12:00","1.3"
"2017-12-04 12:08","1.3"
"2017-12-04 12:19","1.3"
"2017-12-04 12:28","1.3"
"2017-12-04 12:39","1.3"
"2017-12-04 12:48","1.3"
"2017-12-04 12:58","1.3"
"2017-12-04 13:08","1.3"
"2017-12-04 13:18","1.3"
"2017-12-04 13:28","1.3"
"2017-12-04 13:38","1.3"
"2017-12-04 13:48","1.3"
"2017-12-04 14:00","1.2"
"2017-12-04 14:08","1.2"
"2017-12-04 14:19","1.2"
"2017-12-04 14:28","1.2"
"2017-12-04 14:39","1.2"
"2017-12-04 14:48","1.2"
"2017-12-04 14:58","1.2"
"2017-12-04 15:08","1.2"
"2017-12-04 15:19","1.2"
"2017-12-04 15:28","1.2"
"2017-12-04 15:39","1.2"
"2017-12-04 15:48","1.2"
"2017-12-04 16:00","1.2"
"2017-12-04 16:08","1.1"
"2017-12-04 16:19","1.1"
"2017-12-04 16:28","1.1"
"2017-12-04 16:39","1.1"
"2017-12-04 16:48","1.1"
"2017-12-04 17:00","1.1"
"2017-12-04 17:08","1.1"
"2017-12-04 17:19","1.1"
"2017-12-04 17:28","1.0"
"2017-12-04 17:39","1.0"
"2017-12-04 17:48","1.0"
"2017-12-04 17:59","1.0"
"2017-12-04 18:08","1.0"
"2017-12-04 18:19","1.0"
"2017-12-04 18:28","1.0"
"2017-12-04 18:39","1.1"
"2017-12-04 18:48","1.0"
"2017-12-04 18:58","1.0"
"2017-12-04 19:08","1.1"
"2017-12-04 19:19","1.1"
"2017-12-04 19:28","1.1"
"2017-12-04 19:39","1.1"
"2017-12-04 19:48","1.1"
"2017-12-04 20:00","1.1"
"2017-12-04 20:08","1.1"
"2017-12-04 20:19","1.2"
"2017-12-04 20:28","1.2"
"2017-12-04 20:38","1.2"
"2017-12-04 20:48","1.2"
"2017-12-04 21:00","1.4"
"2017-12-04 21:08","1.3"
"2017-12-04 21:19","1.4"
"2017-12-04 21:28","1.4"
"2017-12-04 21:39","1.4"
"2017-12-04 21:48","1.4"
"2017-12-04 21:58","1.6"
"2017-12-04 22:08","1.6"
"2017-12-04 22:19","1.9"
"2017-12-04 22:28","1.9"
"2017-12-04 22:38","2.0"
"2017-12-04 22:48","2.0"
"2017-12-04 23:00","2.4"
"2017-12-04 23:08","2.4"
"2017-12-04 23:19","2.6"
"2017-12-04 23:28","2.6"
"2017-12-04 23:39","2.6"
"2017-12-04 23:48","2.5"
"2017-12-05 00:00","2.9"
"2017-12-05 00:08","3.0"
"2017-12-05 00:18","3.2"
"2017-12-05 00:28","3.3"
"2017-12-05 00:39","3.6"
"2017-12-05 00:48","3.7"
"2017-12-05 00:58","4.1"
"2017-12-05 01:08","4.2"
"2017-12-05 01:19","4.1"
"2017-12-05 01:28","4.2"
"2017-12-05 01:39","3.3"
"2017-12-05 01:48","3.1"
"2017-12-05 02:00","2.5"
"2017-12-05 02:08","2.5"
"2017-12-05 02:19","2.4"
"2017-12-05 02:28","2.3"
"2017-12-05 02:39","2.1"
"2017-12-05 02:48","2.3"
"2017-12-05 02:58","2.6"
"2017-12-05 03:08","2.6"
"2017-12-05 03:19","2.4"
"2017-12-05 03:28","2.6"
"2017-12-05 03:38","2.5"
"2017-12-05 03:48","2.5"
"2017-12-05 03:58","3.1"
"2017-12-05 04:08","3.1"
"2017-12-05 04:19","3.0"
"2017-12-05 04:28","3.1"
"2017-12-05 04:39","3.1"
"2017-12-05 04:48","3.0"
"2017-12-05 05:00","3.0"
"2017-12-05 05:08","2.9"
"2017-12-05 05:19","3.1"
"2017-12-05 05:28","3.1"
"2017-12-05 05:38","2.9"
"2017-12-05 05:48","2.8"
"2017-12-05 05:58","2.9"
"2017-12-05 06:08","2.6"
"2017-12-05 06:19","2.5"
"2017-12-05 06:28","2.4"
"2017-12-05 06:39","2.3"
"2017-12-05 06:48","2.2"
"2017-12-05 07:00","2.2"
"2017-12-05 07:08","2.1"
"2017-12-05 07:19","1.8"
"2017-12-05 07:28","1.6"
"2017-12-05 07:39","0.8"
"2017-12-05 07:48","0.7"
"2017-12-05 08:01","0.1"
"2017-12-05 08:08","0.1"
"2017-12-05 08:19","-0.1"
"2017-12-05 08:28","-0.2"
"2017-12-05 08:39","-0.6"
"2017-12-05 08:48","-0.9"
"2017-12-05 08:58","-1.5"
"2017-12-05 09:08","-1.8"
"2017-12-05 09:19","-2.7"
"2017-12-05 09:28","-2.7"
"2017-12-05 09:39","-3.2"
"2017-12-05 09:48","-3.2"
"2017-12-05 09:58","-3.4"
"2017-12-05 10:08","-3.5"
"2017-12-05 10:19","-3.9"
"2017-12-05 10:28","-3.9"
"2017-12-05 10:39","-4.4"
"2017-12-05 10:48","-4.5"
"2017-12-05 10:59","-5.0"
"2017-12-05 11:08","-5.1"
"2017-12-05 11:18","-5.2"
"2017-12-05 11:28","-5.3"
"2017-12-05 11:39","-5.7"
"2017-12-05 11:48","-5.6"
"2017-12-05 11:58","-5.8"
"2017-12-05 12:08","-5.7"
"2017-12-05 12:19","-5.9"
"2017-12-05 12:28","-5.9"
"2017-12-05 12:39","-6.1"
"2017-12-05 12:48","-6.3"
"2017-12-05 12:58","-6.5"
"2017-12-05 13:08","-6.5"
"2017-12-05 13:18","-6.6"
"2017-12-05 13:28","-6.7"
"2017-12-05 13:39","-7.1"
"2017-12-05 13:48","-7.1"
"2017-12-05 13:58","-7.2"
"2017-12-05 14:08","-7.2"
"2017-12-05 14:19","-7.3"
"2017-12-05 14:28","-7.3"
"2017-12-05 14:39","-7.5"
"2017-12-05 14:48","-7.5"
"2017-12-05 15:01","-7.9"
"2017-12-05 15:08","-7.9"
"2017-12-05 15:20","-8.0"
"2017-12-05 15:28","-8.2"
"2017-12-05 15:39","-8.6"
"2017-12-05 15:48","-8.6"
"2017-12-05 16:01","-8.8"
"2017-12-05 16:08","-8.9"
"2017-12-05 16:18","-9.3"
"2017-12-05 16:28","-9.4"
"2017-12-05 16:39","-9.5"
"2017-12-05 16:48","-9.6"
"2017-12-05 17:01","-9.7"
"2017-12-05 17:08","-9.7"
"2017-12-05 17:20","-9.8"
"2017-12-05 17:28","-9.7"
"2017-12-05 17:39","-9.8"
"2017-12-05 17:48","-9.8"
"2017-12-05 17:59","-9.8"
"2017-12-05 18:08","-9.8"
"2017-12-05 18:19","-9.8"
"2017-12-05 18:28","-9.8"
"2017-12-05 18:39","-9.7"
"2017-12-05 18:48","-9.7"
"2017-12-05 18:59","-9.7"
"2017-12-05 19:08","-9.7"
"2017-12-05 19:19","-9.6"
"2017-12-05 19:28","-9.6"
"2017-12-05 19:39","-9.6"
"2017-12-05 19:48","-9.6"
"2017-12-05 20:01","-9.6"
"2017-12-05 20:08","-9.5"
"2017-12-05 20:19","-9.6"
"2017-12-05 20:28","-9.6"
"2017-12-05 20:39","-9.7"
"2017-12-05 20:48","-9.7"
"2017-12-05 21:01","-9.7"
"2017-12-05 21:08","-9.7"
"2017-12-05 21:20","-9.7"
"2017-12-05 21:28","-9.8"
"2017-12-05 21:39","-9.9"
"2017-12-05 21:48","-9.8"
"2017-12-05 22:01","-9.7"
"2017-12-05 22:08","-9.8"
"2017-12-05 22:19","-9.8"
"2017-12-05 22:28","-9.8"
"2017-12-05 22:39","-9.8"
"2017-12-05 22:48","-9.8"
"2017-12-05 23:01","-9.8"
"2017-12-05 23:08","-9.7"
"2017-12-05 23:19","-9.7"
"2017-12-05 23:28","-9.6"
"2017-12-05 23:39","-9.5"
"2017-12-05 23:48","-9.5"
"2017-12-06 00:01","-9.3"
"2017-12-06 00:08","-9.2"
"2017-12-06 00:20","-9.1"
"2017-12-06 00:28","-9.1"
"2017-12-06 00:38","-8.9"
"2017-12-06 00:48","-8.9"
"2017-12-06 00:59","-8.8"
"2017-12-06 01:08","-8.8"
"2017-12-06 01:18","-8.8"
"2017-12-06 01:28","-8.7"
"2017-12-06 01:39","-8.5"
"2017-12-06 01:48","-8.5"
"2017-12-06 02:01","-8.4"
"2017-12-06 02:08","-8.4"
"2017-12-06 02:20","-8.4"
"2017-12-06 02:28","-8.4"
"2017-12-06 02:40","-8.4"
"2017-12-06 02:48","-8.4"
"2017-12-06 03:02","-8.4"
"2017-12-06 03:08","-8.4"
"2017-12-06 03:20","-8.4"
"2017-12-06 03:28","-8.4"
"2017-12-06 03:39","-8.3"
"2017-12-06 03:48","-8.3"
"2017-12-06 03:59","-8.2"
"2017-12-06 04:08","-8.2"
"2017-12-06 04:19","-8.3"
"2017-12-06 04:28","-8.3"
"2017-12-06 04:40","-8.4"
"2017-12-06 04:48","-8.4"
"2017-12-06 05:01","-8.5"
"2017-12-06 05:08","-8.5"
"2017-12-06 05:20","-8.6"
"2017-12-06 05:28","-8.6"
"2017-12-06 05:39","-8.6"
"2017-12-06 05:48","-8.6"
"2017-12-08 10:38","-17.3"
"2017-12-08 10:48","-17.3"
"2017-12-08 11:00","-16.8"
"2017-12-08 11:08","-16.7"
"2017-12-08 11:19","-15.6"
"2017-12-08 11:28","-15.5"
"2017-12-08 11:38","-14.8"
"2017-12-08 11:48","-15.1"
"2017-12-08 12:00","-14.9"
"2017-12-08 12:08","-15.1"
"2017-12-08 12:18","-15.3"
"2017-12-08 12:28","-14.9"
"2017-12-08 12:39","-15.2"
"2017-12-08 12:48","-15.1"
"2017-12-08 13:00","-14.9"
"2017-12-08 13:08","-14.8"
"2017-12-08 13:18","-14.8"
"2017-12-08 13:28","-14.6"
"2017-12-08 13:38","-14.7"
"2017-12-08 13:48","-14.6"
"2017-12-08 14:00","-14.7"
"2017-12-08 14:08","-14.6"
"2017-12-08 14:19","-14.5"
"2017-12-08 14:28","-14.6"
"2017-12-08 14:38","-14.6"
"2017-12-08 14:48","-14.6"
"2017-12-08 15:00","-14.7"
"2017-12-08 15:08","-14.6"
"2017-12-08 15:18","-14.7"
"2017-12-08 15:28","-14.7"
"2017-12-08 15:38","-14.5"
"2017-12-08 15:48","-14.5"
"2017-12-08 16:00","-14.5"
"2017-12-08 16:08","-14.5"
"2017-12-08 16:19","-14.5"
"2017-12-08 16:28","-14.5"
"2017-12-08 16:38","-14.5"
"2017-12-08 16:48","-14.5"
"2017-12-08 17:00","-14.5"
"2017-12-08 17:08","-14.5"
"2017-12-08 17:19","-14.6"
"2017-12-08 17:28","-14.6"
"2017-12-08 17:41","-14.6"
"2017-12-08 17:48","-14.6"
"2017-12-08 18:01","-14.9"
"2017-12-08 18:08","-14.9"
"2017-12-08 18:19","-15.2"
"2017-12-08 18:28","-15.4"
"2017-12-08 18:38","-16.0"
"2017-12-08 18:48","-16.2"
"2017-12-08 19:01","-16.8"
"2017-12-08 19:08","-16.7"
"2017-12-08 19:19","-16.6"
"2017-12-08 19:28","-16.6"
"2017-12-08 19:38","-16.5"
"2017-12-08 19:48","-16.6"
"2017-12-08 20:00","-17.0"
"2017-12-08 20:08","-17.2"
"2017-12-08 20:21","-18.4"
"2017-12-08 20:28","-18.6"
"2017-12-08 20:39","-18.9"
"2017-12-08 20:48","-19.0"
"2017-12-08 21:01","-18.8"
"2017-12-08 21:08","-18.8"
"2017-12-08 21:21","-18.6"
"2017-12-08 21:28","-18.5"
"2017-12-08 21:41","-18.0"
"2017-12-08 21:48","-17.9"
"2017-12-08 22:05","-17.8"
"2017-12-08 22:08","-17.8"
"2017-12-08 22:22","-17.3"
"2017-12-08 22:28","-17.3"
"2017-12-08 22:42","-16.8"
"2017-12-08 22:48","-16.8"
"2017-12-08 23:02","-16.7"
"2017-12-08 23:08","-16.7"
"2017-12-08 23:21","-16.7"
"2017-12-08 23:28","-16.7"
"2017-12-08 23:42","-16.8"
"2017-12-08 23:48","-16.9"
"2017-12-09 00:01","-17.2"
"2017-12-09 00:08","-17.3"
"2017-12-09 00:19","-17.5"
"2017-12-09 00:28","-17.7"
"2017-12-09 00:38","-18.3"
"2017-12-09 00:48","-18.2"
"2017-12-09 01:04","-18.7"
"2017-12-09 01:08","-18.5"
"2017-12-09 01:22","-19.7"
"2017-12-09 01:28","-19.8"
"2017-12-09 01:40","-20.1"
"2017-12-09 01:48","-19.8"
"2017-12-09 02:01","-19.2"
"2017-12-09 02:08","-19.1"
"2017-12-09 02:19","-18.9"
"2017-12-09 02:28","-18.9"
"2017-12-09 02:39","-18.9"
"2017-12-09 02:48","-18.9"
"2017-12-09 03:01","-19.1"
"2017-12-09 03:08","-19.0"
"2017-12-09 03:22","-19.5"
"2017-12-09 03:28","-19.5"
"2017-12-09 03:42","-20.2"
"2017-12-09 03:48","-20.2"
"2017-12-09 04:05","-21.6"
"2017-12-09 04:08","-21.6"
"2017-12-09 04:19","-22.3"
"2017-12-09 04:28","-22.4"
"2017-12-09 04:41","-23.1"
"2017-12-09 04:48","-23.1"
"2017-12-09 05:02","-23.5"
"2017-12-09 05:08","-23.5"
"2017-12-09 05:22","-24.0"
"2017-12-09 05:28","-24.1"
"2017-12-09 05:40","-24.6"
"2017-12-09 05:48","-24.6"
"2017-12-09 06:00","-24.6"
"2017-12-09 06:08","-24.6"
"2017-12-09 06:19","-23.3"
"2017-12-09 06:28","-23.6"
"2017-12-09 06:39","-23.2"
"2017-12-09 06:48","-23.0"
"2017-12-09 07:00","-22.5"
"2017-12-09 07:08","-22.5"
"2017-12-09 07:19","-22.2"
"2017-12-09 07:28","-22.1"
"2017-12-09 07:42","-21.8"
"2017-12-09 07:48","-21.8"
"2017-12-09 08:01","-21.6"
"2017-12-09 08:08","-21.6"
"2017-12-09 08:19","-21.4"
"2017-12-09 08:28","-21.3"
"2017-12-09 08:42","-20.6"
"2017-12-09 08:48","-20.6"
"2017-12-09 09:01","-20.1"
"2017-12-09 09:08","-20.1"
"2017-12-09 09:19","-19.9"
"2017-12-09 09:28","-19.7"
"2017-12-09 09:41","-19.2"
"2017-12-09 09:48","-19.2"
"2017-12-09 10:05","-18.2"
"2017-12-09 10:08","-18.2"
"2017-12-09 10:20","-18.0"
"2017-12-09 10:28","-17.9"
"2017-12-09 10:39","-17.5"
"2017-12-09 10:48","-17.4"
"2017-12-09 11:01","-16.9"
"2017-12-09 11:08","-16.9"
"2017-12-09 11:19","-16.7"
"2017-12-09 11:28","-16.4"
"2017-12-09 11:38","-15.9"
"2017-12-09 11:48","-15.9"
"2017-12-09 12:01","-15.6"
"2017-12-09 12:08","-15.5"
"2017-12-09 12:19","-15.3"
"2017-12-09 12:28","-15.1"
"2017-12-09 12:39","-15.2"
"2017-12-09 12:48","-15.3"
"2017-12-09 13:01","-15.0"
"2017-12-09 13:08","-14.9"
"2017-12-09 13:19","-14.9"
"2017-12-09 13:28","-14.8"
"2017-12-09 13:39","-14.5"
"2017-12-09 13:48","-14.3"
"2017-12-09 14:04","-13.5"
"2017-12-09 14:08","-13.6"
"2017-12-09 14:22","-13.6"
"2017-12-09 14:28","-13.6"
"2017-12-09 14:40","-13.7"
"2017-12-09 15:01","-13.6"
"2017-12-09 15:08","-13.6"
"2017-12-09 15:19","-13.6"
"2017-12-09 15:28","-13.8"
"2017-12-09 15:39","-14.0"
"2017-12-09 15:48","-14.0"
"2017-12-09 16:02","-14.0"
"2017-12-09 16:08","-14.0"
"2017-12-09 16:19","-14.2"
"2017-12-09 16:28","-14.2"
"2017-12-09 16:39","-14.5"
"2017-12-09 16:48","-14.5"
"2017-12-09 17:01","-14.8"
"2017-12-09 17:08","-14.8"
"2017-12-09 17:20","-14.9"
"2017-12-09 17:28","-14.9"
"2017-12-09 17:39","-15.0"
"2017-12-09 17:48","-15.0"
"2017-12-09 18:04","-15.1"
"2017-12-09 18:08","-15.1"
"2017-12-09 18:20","-15.2"
"2017-12-09 18:28","-15.2"
"2017-12-09 18:39","-15.3"
"2017-12-09 18:48","-15.3"
"2017-12-09 19:05","-15.3"
"2017-12-09 19:08","-15.3"
"2017-12-09 19:20","-15.3"
"2017-12-09 19:28","-15.3"
"2017-12-09 19:39","-15.2"
"2017-12-09 19:48","-15.2"
"2017-12-09 20:01","-15.2"
"2017-12-09 20:08","-15.2"
"2017-12-09 20:19","-15.1"
"2017-12-09 20:28","-15.1"
"2017-12-09 20:42","-15.0"
"2017-12-09 20:48","-15.0"
"2017-12-09 21:02","-14.9"
"2017-12-09 21:08","-14.9"
"2017-12-09 21:20","-14.8"
"2017-12-09 21:28","-14.8"
"2017-12-09 21:42","-14.6"
"2017-12-09 21:48","-14.6"
"2017-12-09 22:02","-14.5"
"2017-12-09 22:08","-14.5"
"2017-12-09 22:21","-14.3"
"2017-12-09 22:28","-14.2"
"2017-12-09 22:40","-14.1"
"2017-12-09 22:48","-14.1"
"2017-12-09 23:01","-13.9"
"2017-12-09 23:08","-13.9"
"2017-12-09 23:20","-14.0"
"2017-12-09 23:28","-14.0"
"2017-12-09 23:39","-13.9"
"2017-12-09 23:48","-13.9"
"2017-12-10 00:01","-13.8"
"2017-12-10 00:08","-13.8"
"2017-12-10 00:20","-13.7"
"2017-12-10 00:28","-13.7"
"2017-12-10 00:40","-13.5"
"2017-12-10 00:48","-13.4"
"2017-12-10 01:01","-13.6"
"2017-12-10 01:08","-13.6"
"2017-12-10 01:20","-13.8"
"2017-12-10 01:28","-13.8"
"2017-12-10 01:40","-14.0"
"2017-12-10 01:48","-14.0"
"2017-12-10 02:02","-14.3"
"2017-12-10 02:08","-14.3"
"2017-12-10 02:20","-14.6"
"2017-12-10 02:28","-14.6"
"2017-12-10 02:40","-15.1"
"2017-12-10 02:48","-15.1"
"2017-12-10 03:01","-15.5"
"2017-12-10 03:08","-15.6"
"2017-12-10 03:20","-15.9"
"2017-12-10 03:28","-16.0"
"2017-12-10 03:43","-16.3"
"2017-12-10 03:48","-16.4"
"2017-12-10 11:21","-21.5"
"2017-12-10 11:28","-21.7"
"2017-12-10 11:40","-21.0"
"2017-12-10 11:48","-21.0"
"2017-12-10 12:06","-21.4"
"2017-12-10 12:08","-21.8"
"2017-12-10 12:22","-21.0"
"2017-12-10 12:28","-21.1"
"2017-12-10 12:40","-21.2"
"2017-12-10 12:48","-21.0"
"2017-12-10 13:02","-20.5"
"2017-12-10 13:08","-20.5"
"2017-12-10 13:21","-20.2"
"2017-12-10 13:28","-20.1"
"2017-12-10 13:40","-20.5"
"2017-12-10 13:48","-20.5"
"2017-12-10 14:06","-20.1"
"2017-12-10 14:08","-20.0"
"2017-12-10 14:26","-19.8"
"2017-12-10 14:28","-19.8"
"2017-12-10 14:41","-20.4"
"2017-12-10 14:48","-20.4"
"2017-12-10 15:05","-20.1"
"2017-12-10 15:08","-19.9"
"2017-12-10 15:21","-20.5"
"2017-12-10 15:28","-20.4"
"2017-12-10 15:43","-20.6"
"2017-12-10 15:48","-20.6"
"2017-12-10 16:02","-20.8"
"2017-12-10 16:08","-20.8"
"2017-12-10 16:25","-21.4"
"2017-12-10 16:28","-21.4"
"2017-12-10 16:41","-21.9"
"2017-12-10 16:48","-22.2"
"2017-12-10 17:02","-23.0"
"2017-12-10 17:08","-23.0"
"2017-12-10 17:21","-24.0"
"2017-12-10 17:28","-24.1"
"2017-12-10 17:40","-24.7"
"2017-12-10 17:48","-24.7"
"2017-12-10 18:02","-25.3"
"2017-12-10 18:08","-25.3"
"2017-12-10 18:25","-26.0"
"2017-12-10 18:28","-25.9"
"2017-12-10 18:41","-26.2"
"2017-12-10 18:48","-26.2"
"2017-12-10 19:02","-27.0"
"2017-12-10 19:08","-27.0"
"2017-12-10 19:26","-27.1"
"2017-12-10 19:28","-27.1"
"2017-12-10 19:41","-27.0"
"2017-12-10 19:48","-27.0"
"2017-12-10 20:02","-26.0"
"2017-12-10 20:08","-25.9"
"2017-12-10 20:25","-25.1"
"2017-12-10 20:28","-25.1"
"2017-12-10 20:41","-25.0"
"2017-12-10 20:48","-25.0"
"2017-12-10 21:01","-24.3"
"2017-12-10 21:08","-24.3"
"2017-12-12 12:28","-18.8"
"2017-12-12 12:48","-19.0"
"2017-12-12 13:05","-18.8"
"2017-12-12 13:08","-19.1"
"2017-12-12 13:26","-18.5"
"2017-12-12 13:28","-18.5"
"2017-12-12 13:48","-18.8"
"2017-12-12 13:53","-19.0"
"2017-12-12 14:08","-19.1"
"2017-12-12 14:28","-19.4"
"2017-12-12 14:41","-19.0"
"2017-12-12 14:48","-19.0"
"2017-12-12 15:08","-18.8"
"2017-12-12 15:28","-18.8"
"2017-12-12 15:34","-18.8"
"2017-12-12 15:48","-18.7"
"2017-12-12 16:03","-19.0"
"2017-12-12 16:08","-19.0"
"2017-12-12 16:28","-19.2"
"2017-12-12 16:43","-19.2"
"2017-12-12 16:48","-19.2"
"2017-12-12 17:05","-19.4"
"2017-12-12 17:08","-19.4"
"2017-12-12 17:27","-19.6"
"2017-12-12 17:28","-19.5"
"2017-12-13 11:48","-21.9"
"2017-12-13 12:04","-21.6"
"2017-12-13 12:08","-21.5"
"2017-12-13 12:28","-21.0"
"2017-12-13 12:42","-20.5"
"2017-12-13 12:48","-20.5"
"2017-12-13 13:07","-20.2"
"2017-12-13 13:08","-20.4"
"2017-12-13 13:28","-19.8"
"2017-12-13 13:43","-19.7"
"2017-12-13 13:48","-19.7"
"2017-12-13 14:06","-19.7"
"2017-12-13 14:08","-19.7"
"2017-12-13 14:28","-19.6"
"2017-12-13 14:48","-19.7"
"2017-12-13 15:06","-19.5"
"2017-12-13 15:08","-19.6"
"2017-12-13 15:28","-19.4"
"2017-12-13 15:41","-19.6"
"2017-12-13 15:48","-19.6"
"2017-12-13 16:07","-19.7"
"2017-12-13 16:08","-19.7"
"2017-12-13 16:28","-19.9"
"2017-12-13 16:29","-19.9"
"2017-12-14 11:08","-19.1"
"2017-12-14 11:24","-17.4"
"2017-12-14 11:28","-17.4"
"2017-12-14 11:48","-17.1"
"2017-12-14 12:08","-16.1"
"2017-12-14 12:28","-15.2"
"2017-12-14 12:41","-15.6"
"2017-12-14 12:48","-15.6"
"2017-12-14 13:03","-15.2"
"2017-12-14 13:08","-15.2"
"2017-12-14 13:26","-15.4"
"2017-12-14 13:28","-15.4"
"2017-12-14 13:38","-15.2"
"2017-12-14 13:48","-15.2"
"2017-12-14 14:08","-15.0"
"2017-12-14 14:28","-14.9"
"2017-12-14 14:38","-14.8"
"2017-12-14 14:48","-14.5"
"2017-12-14 14:58","-14.4"
"2017-12-14 15:08","-14.2"
"2017-12-14 15:18","-14.2"
"2017-12-14 15:28","-14.2"
"2017-12-14 15:38","-14.2"
"2017-12-14 15:48","-14.1"
"2017-12-14 15:58","-14.0"
"2017-12-14 16:08","-14.0"
"2017-12-14 16:18","-14.0"
"2017-12-14 16:28","-13.9"
"2017-12-14 16:38","-13.9"
"2017-12-14 16:48","-14.1"
"2017-12-14 16:58","-14.1"
"2017-12-14 17:08","-14.2"
"2017-12-14 17:18","-14.3"
"2017-12-15 12:38","-17.6"
"2017-12-15 12:48","-17.5"
"2017-12-15 12:58","-17.5"
"2017-12-15 13:08","-17.8"
"2017-12-15 13:18","-17.6"
"2017-12-15 13:28","-17.3"
"2017-12-15 13:38","-17.6"
"2017-12-15 13:48","-17.9"
"2017-12-15 13:58","-17.7"
"2017-12-15 14:08","-17.6"
"2017-12-15 14:18","-17.4"
"2017-12-15 14:28","-17.9"
"2017-12-15 14:38","-17.7"
"2017-12-15 14:48","-18.0"
"2017-12-15 14:58","-18.0"
"2017-12-15 15:08","-17.9"
"2017-12-15 15:18","-18.1"
"2017-12-15 15:28","-18.2"
"2017-12-15 15:38","-18.3"
"2017-12-15 15:48","-18.7"
"2017-12-15 15:58","-19.2"
"2017-12-16 10:58","-30.3"
"2017-12-16 11:08","-29.2"
"2017-12-16 11:18","-27.7"
"2017-12-16 11:28","-25.9"
"2017-12-16 11:38","-24.7"
"2017-12-16 11:48","-23.1"
"2017-12-16 11:58","-23.2"
"2017-12-16 12:08","-23.3"
"2017-12-16 12:18","-22.4"
"2017-12-16 12:28","-20.9"
"2017-12-16 12:38","-20.3"
"2017-12-16 12:48","-20.2"
"2017-12-16 12:58","-19.5"
"2017-12-16 13:08","-18.5"
"2017-12-16 13:18","-18.5"
"2017-12-16 13:28","-18.0"
"2017-12-16 13:38","-18.5"
"2017-12-16 13:48","-18.9"
"2017-12-16 13:58","-18.2"
"2017-12-16 14:08","-18.6"
"2017-12-16 14:18","-18.1"
"2017-12-16 14:28","-18.3"
"2017-12-16 14:38","-18.5"
"2017-12-16 14:48","-19.1"
"2017-12-16 14:58","-19.2"
"2017-12-16 15:08","-19.4"
"2017-12-16 15:18","-19.3"
"2017-12-16 15:28","-19.6"
"2017-12-16 15:38","-19.9"
"2017-12-16 15:48","-20.4"
"2017-12-16 15:58","-20.5"
"2017-12-16 16:08","-21.1"
"2017-12-16 16:18","-21.5"
"2017-12-16 16:28","-21.8"
"2017-12-16 16:38","-22.7"
"2017-12-16 16:48","-23.1"
"2017-12-16 16:58","-23.1"
"2017-12-16 17:08","-23.7"
"2017-12-16 17:18","-23.6"
"2017-12-16 17:28","-23.0"
"2017-12-16 17:38","-22.7"
"2017-12-16 17:48","-22.3"
"2017-12-16 17:58","-22.0"
"2017-12-16 18:08","-21.8"
"2017-12-16 18:18","-21.6"
"2017-12-16 18:28","-21.6"
"2017-12-16 18:38","-21.3"
"2017-12-16 18:48","-21.2"
"2017-12-16 18:58","-21.1"
"2017-12-16 19:08","-20.9"
"2017-12-18 11:28","-2.6"
"2017-12-18 11:38","-2.3"
"2017-12-18 11:48","-2.4"
"2017-12-18 11:58","-2.4"
"2017-12-18 12:08","-2.2"
"2017-12-18 12:18","-1.9"
"2017-12-18 12:28","-1.2"
"2017-12-18 12:38","-1.2"
"2017-12-18 12:48","-1.1"
"2017-12-18 12:58","-0.8"
"2017-12-18 13:08","-0.7"
"2017-12-18 13:18","-1.1"
"2017-12-18 13:28","-0.9"
"2017-12-18 13:38","-0.9"
"2017-12-18 13:48","-0.9"
"2017-12-18 13:58","-1.0"
"2017-12-18 14:08","-1.0"
"2017-12-18 14:18","-0.9"
"2017-12-18 14:28","-1.0"
"2017-12-18 14:38","-1.0"
"2017-12-18 14:48","-1.0"
"2017-12-18 14:58","-1.1"
"2017-12-18 15:08","-1.2"
"2017-12-18 15:18","-1.4"
"2017-12-18 15:28","-1.5"
"2017-12-18 15:38","-1.5"
"2017-12-18 15:48","-1.6"
"2017-12-18 15:58","-1.6"
"2017-12-18 16:08","-1.6"
"2017-12-18 16:18","-1.6"
"2017-12-18 16:28","-1.6"
"2017-12-18 16:38","-1.5"
"2017-12-18 16:48","-1.5"
"2017-12-18 16:58","-1.5"
"2017-12-18 17:08","-1.4"
"2017-12-18 17:18","-1.4"
"2017-12-18 17:28","-1.4"
"2017-12-18 17:38","-1.4"
"2017-12-18 17:48","-1.3"
"2017-12-18 17:58","-1.3"
"2017-12-18 18:08","-1.3"
"2017-12-18 18:18","-1.2"
"2017-12-18 18:28","-1.2"
"2017-12-18 18:38","-1.2"
"2017-12-18 18:48","-1.1"
"2017-12-18 18:58","-1.1"
"2017-12-18 19:08","-1.1"
"2017-12-18 19:18","-1.1"
"2017-12-18 19:28","-1.1"
"2017-12-18 19:38","-1.1"
"2017-12-18 19:48","-1.0"
"2017-12-18 19:58","-1.0"
"2017-12-18 20:08","-1.0"
"2017-12-18 20:18","-0.9"
"2017-12-18 20:28","-0.9"
"2017-12-18 20:38","-0.9"
"2017-12-18 20:48","-0.8"
"2017-12-18 20:58","-0.7"
"2017-12-18 21:08","-0.6"
"2017-12-18 21:18","-0.6"
"2017-12-18 21:28","-0.6"
"2017-12-19 11:58","-3.1"
"2017-12-19 12:08","-3.1"
"2017-12-19 12:18","-2.9"
"2017-12-19 12:28","-3.5"
"2017-12-19 12:38","-3.2"
"2017-12-19 12:48","-3.3"
"2017-12-19 12:58","-3.4"
"2017-12-19 13:08","-4.2"
"2017-12-19 13:18","-4.7"
"2017-12-19 13:28","-4.9"
"2017-12-19 13:38","-5.1"
"2017-12-19 13:48","-5.3"
"2017-12-19 13:58","-5.2"
"2017-12-19 14:08","-5.0"
"2017-12-19 14:18","-5.0"
"2017-12-19 14:28","-5.3"
"2017-12-19 14:38","-5.5"
"2017-12-19 14:48","-5.8"
"2017-12-19 14:58","-5.9"
"2017-12-19 15:08","-6.3"
"2017-12-19 15:18","-6.7"
"2017-12-19 15:28","-6.9"
"2017-12-19 15:38","-7.1"
"2017-12-19 15:48","-7.8"
"2017-12-19 15:58","-8.3"
"2017-12-19 16:08","-8.3"
"2017-12-19 16:18","-8.7"
"2017-12-19 16:28","-8.9"
"2017-12-19 16:38","-9.0"
"2017-12-19 16:48","-9.1"
"2017-12-19 16:58","-9.3"
"2017-12-19 17:08","-9.5"
"2017-12-19 17:18","-9.6"
"2017-12-19 17:28","-9.7"
"2017-12-19 17:38","-9.8"
"2017-12-19 17:48","-10.0"
"2017-12-19 17:58","-10.2"
"2017-12-19 18:08","-10.4"
"2017-12-19 18:18","-10.5"
"2017-12-19 18:28","-10.6"
"2017-12-19 18:38","-10.7"
"2017-12-19 18:48","-10.9"
"2017-12-19 18:58","-10.9"
"2017-12-19 19:08","-10.9"
"2017-12-19 19:18","-10.9"
"2017-12-19 19:28","-10.9"
"2017-12-20 10:48","-17.3"
"2017-12-20 10:58","-17.3"
"2017-12-20 11:08","-17.1"
"2017-12-20 11:18","-17.1"
"2017-12-20 11:28","-16.5"
"2017-12-20 11:38","-15.9"
"2017-12-20 11:48","-15.8"
"2017-12-20 11:58","-15.9"
"2017-12-20 12:08","-15.9"
"2017-12-20 12:18","-15.7"
"2017-12-20 12:28","-15.6"
"2017-12-20 12:38","-15.4"
"2017-12-20 12:48","-15.3"
"2017-12-20 12:58","-15.8"
"2017-12-20 13:08","-15.3"
"2017-12-20 13:18","-15.2"
"2017-12-20 13:28","-14.9"
"2017-12-20 13:38","-14.6"
"2017-12-20 13:48","-14.9"
"2017-12-20 13:58","-15.1"
"2017-12-20 14:08","-14.4"
"2017-12-20 14:18","-14.8"
"2017-12-20 14:28","-14.5"
"2017-12-20 14:38","-14.8"
"2017-12-20 14:48","-15.1"
"2017-12-20 14:58","-15.3"
"2017-12-20 15:08","-15.6"
"2017-12-20 15:18","-15.8"
"2017-12-20 15:28","-16.0"
"2017-12-20 15:38","-16.4"
"2017-12-20 15:48","-16.8"
"2017-12-20 15:58","-17.2"
"2017-12-20 16:08","-17.9"
"2017-12-20 16:18","-18.5"
"2017-12-20 16:28","-18.8"
"2017-12-20 16:38","-19.2"
"2017-12-20 16:48","-19.6"
"2017-12-20 16:58","-20.0"
"2017-12-20 17:08","-19.8"
"2017-12-20 17:18","-20.0"
"2017-12-20 17:28","-20.3"
"2017-12-20 17:38","-20.6"
"2017-12-20 17:48","-21.0"
"2017-12-20 17:58","-21.5"
"2017-12-20 18:08","-21.8"
"2017-12-20 18:18","-22.2"
"2017-12-20 18:28","-22.4"
"2017-12-20 18:38","-23.0"
"2017-12-20 18:48","-23.3"
"2017-12-20 18:58","-23.5"
"2017-12-20 19:08","-23.5"
"2017-12-20 19:18","-23.6"
"2017-12-20 19:28","-23.9"
"2017-12-20 19:38","-24.0"
"2017-12-20 19:48","-23.9"
"2017-12-20 19:58","-24.0"
"2017-12-20 20:08","-24.1"
"2017-12-20 20:18","-24.1"
"2017-12-20 20:28","-23.9"
"2017-12-20 20:38","-24.1"
"2017-12-20 20:48","-24.0"
"2017-12-20 20:58","-23.4"
"2017-12-20 21:08","-23.2"
"2017-12-20 21:18","-22.6"
"2017-12-20 21:28","-22.5"
"2017-12-20 21:38","-22.3"
"2017-12-20 21:48","-22.2"
"2017-12-20 21:58","-22.3"
"2017-12-20 22:08","-22.4"
"2017-12-20 22:18","-22.6"
"2017-12-20 22:28","-22.7"
"2017-12-20 22:38","-22.5"
"2017-12-20 22:48","-22.4"
"2017-12-20 22:58","-22.7"
"2017-12-20 23:08","-22.6"
"2017-12-20 23:18","-22.7"
"2017-12-20 23:28","-22.4"
"2017-12-20 23:38","-22.1"
"2017-12-20 23:48","-22.2"
"2017-12-20 23:58","-22.0"
"2017-12-21 00:08","-21.9"
"2017-12-21 00:18","-21.7"
"2017-12-21 00:28","-21.5"
"2017-12-21 00:38","-21.4"
"2017-12-21 00:48","-21.2"
"2017-12-21 00:58","-21.3"
"2017-12-21 01:08","-21.2"
"2017-12-21 01:18","-21.2"
"2017-12-21 01:28","-21.0"
"2017-12-21 01:38","-20.9"
"2017-12-21 01:48","-20.8"
"2017-12-21 01:58","-20.9"
"2017-12-21 02:08","-20.8"
"2017-12-21 02:18","-20.7"
"2017-12-21 02:28","-20.7"
"2017-12-21 02:38","-20.5"
"2017-12-21 02:48","-20.3"
"2017-12-21 02:58","-20.4"
"2017-12-21 03:08","-20.6"
"2017-12-21 03:18","-20.7"
"2017-12-21 03:28","-20.9"
"2017-12-21 03:38","-20.9"
"2017-12-21 03:48","-20.8"
"2017-12-21 03:58","-20.7"
"2017-12-21 04:08","-20.5"
"2017-12-21 04:18","-20.3"
"2017-12-21 04:28","-20.1"
"2017-12-21 04:38","-20.0"
"2017-12-21 04:48","-20.1"
"2017-12-21 04:58","-20.1"
"2017-12-21 05:08","-20.0"
"2017-12-21 05:18","-20.0"
"2017-12-21 05:28","-20.0"
"2017-12-21 05:38","-20.0"
"2017-12-21 05:48","-20.0"
"2017-12-21 05:58","-20.0"
"2017-12-21 06:08","-20.0"
"2017-12-21 06:18","-20.0"
"2017-12-21 06:28","-19.9"
"2017-12-21 06:38","-19.9"
"2017-12-21 06:48","-20.2"
"2017-12-21 06:58","-20.8"
"2017-12-21 07:08","-21.1"
"2017-12-21 07:18","-21.5"
"2017-12-21 07:28","-21.5"
"2017-12-21 07:38","-21.5"
"2017-12-21 07:48","-21.4"
"2017-12-21 07:58","-21.4"
"2017-12-21 08:08","-21.3"
"2017-12-21 08:18","-21.4"
"2017-12-21 08:28","-21.6"
"2017-12-21 08:38","-22.0"
"2017-12-21 08:48","-22.2"
"2017-12-21 08:58","-22.2"
"2017-12-21 09:08","-22.3"
"2017-12-21 09:18","-22.6"
"2017-12-21 09:28","-22.3"
"2017-12-21 09:38","-22.0"
"2017-12-21 09:48","-21.9"
"2017-12-21 09:58","-21.8"
"2017-12-21 10:08","-22.1"
"2017-12-21 10:18","-22.1"
"2017-12-21 10:28","-21.6"
"2017-12-21 10:38","-21.0"
"2017-12-21 10:48","-20.7"
"2017-12-21 10:58","-19.7"
"2017-12-21 11:08","-19.4"
"2017-12-21 11:18","-18.3"
"2017-12-21 11:28","-17.5"
"2017-12-21 11:38","-16.8"
"2017-12-21 11:48","-16.4"
"2017-12-21 11:58","-15.5"
"2017-12-21 12:08","-15.9"
"2017-12-21 12:18","-15.0"
"2017-12-21 12:28","-15.1"
"2017-12-21 12:38","-15.4"
"2017-12-21 12:48","-15.3"
"2017-12-21 12:58","-15.4"
"2017-12-21 13:08","-15.1"
"2017-12-21 13:18","-14.8"
"2017-12-21 13:28","-14.2"
"2017-12-21 13:38","-13.9"
"2017-12-21 13:48","-13.8"
"2017-12-21 13:58","-14.0"
"2017-12-21 14:08","-13.6"
"2017-12-21 14:18","-14.0"
"2017-12-21 14:28","-13.2"
"2017-12-21 14:38","-13.8"
"2017-12-21 14:48","-14.3"
"2017-12-21 14:58","-14.5"
"2017-12-21 15:08","-14.9"
"2017-12-21 15:18","-14.8"
"2017-12-21 15:28","-15.2"
"2017-12-21 15:38","-15.2"
"2017-12-21 15:48","-15.8"
"2017-12-21 15:58","-16.5"
"2017-12-21 16:08","-16.9"
"2017-12-21 16:18","-17.4"
"2017-12-21 16:28","-17.7"
"2017-12-21 16:38","-18.3"
"2017-12-21 16:48","-19.1"
"2017-12-21 16:58","-19.3"
"2017-12-21 17:08","-19.8"
"2017-12-21 17:18","-20.6"
"2017-12-21 17:28","-21.0"
"2017-12-21 17:38","-21.3"
"2017-12-21 17:48","-21.5"
"2017-12-21 17:58","-22.0"
"2017-12-21 18:08","-22.4"
"2017-12-21 18:18","-22.8"
"2017-12-21 18:28","-23.0"
"2017-12-21 18:38","-23.7"
"2017-12-21 18:48","-23.8"
"2017-12-21 18:58","-24.1"
"2017-12-21 19:08","-24.3"
"2017-12-21 19:18","-24.6"
"2017-12-21 19:28","-25.1"
"2017-12-21 19:38","-25.2"
"2017-12-21 19:48","-25.4"
"2017-12-21 19:58","-25.7"
"2017-12-21 20:08","-25.7"
"2017-12-21 20:18","-26.0"
"2017-12-21 20:28","-26.2"
"2017-12-21 20:38","-26.5"
"2017-12-21 20:48","-26.5"
"2017-12-21 20:58","-26.7"
"2017-12-21 21:08","-26.9"
"2017-12-21 21:18","-26.9"
"2017-12-21 21:28","-27.2"
"2017-12-21 21:38","-27.2"
"2017-12-21 21:48","-27.4"
"2017-12-21 21:58","-27.5"
"2017-12-21 22:08","-27.4"
"2017-12-21 22:18","-27.7"
"2017-12-21 22:28","-27.8"
"2017-12-21 22:38","-28.0"
"2017-12-21 22:48","-28.2"
"2017-12-21 22:58","-28.2"
"2017-12-21 23:08","-28.5"
"2017-12-21 23:18","-28.6"
"2017-12-21 23:28","-28.7"
"2017-12-21 23:38","-28.8"
"2017-12-21 23:48","-29.0"
"2017-12-21 23:58","-29.0"
"2017-12-22 00:08","-29.1"
"2017-12-22 00:18","-29.2"
"2017-12-22 00:28","-29.3"
"2017-12-22 00:38","-29.3"
"2017-12-22 00:48","-29.4"
"2017-12-22 00:58","-29.6"
"2017-12-22 01:08","-29.6"
"2017-12-22 01:18","-29.5"
"2017-12-22 01:28","-29.6"
"2017-12-22 01:38","-29.6"
"2017-12-22 01:48","-29.6"
"2017-12-22 01:58","-29.6"
"2017-12-22 02:08","-29.6"
"2017-12-22 02:18","-29.6"
"2017-12-22 02:28","-29.7"
"2017-12-22 02:38","-29.8"
"2017-12-22 02:48","-29.6"
"2017-12-22 03:08","-28.4"
"2017-12-22 03:28","-26.9"
"2017-12-22 03:48","-26.0"
"2017-12-22 04:08","-24.9"
"2017-12-22 04:28","-23.9"
"2017-12-22 04:38","-23.5"
"2017-12-22 04:48","-23.3"
"2017-12-22 04:58","-22.9"
"2017-12-22 05:08","-22.6"
"2017-12-22 05:18","-22.3"
"2017-12-22 05:28","-21.9"
"2017-12-22 05:38","-21.7"
"2017-12-22 05:48","-21.5"
"2017-12-22 05:58","-21.3"
"2017-12-22 06:08","-21.1"
"2017-12-22 06:18","-20.9"
"2017-12-22 06:28","-20.6"
"2017-12-22 06:38","-20.3"
"2017-12-22 06:48","-20.3"
"2017-12-22 06:58","-20.0"
"2017-12-22 07:08","-20.0"
"2017-12-22 07:18","-19.9"
"2017-12-22 07:28","-19.8"
"2017-12-22 07:38","-19.5"
"2017-12-22 07:48","-19.3"
"2017-12-22 07:58","-19.3"
"2017-12-22 08:08","-19.4"
"2017-12-22 08:18","-19.3"
"2017-12-22 08:28","-19.1"
"2017-12-22 08:38","-18.9"
"2017-12-22 08:48","-18.9"
"2017-12-22 08:58","-18.9"
"2017-12-22 09:08","-18.7"
"2017-12-22 09:18","-18.5"
"2017-12-22 09:28","-18.3"
"2017-12-22 09:38","-18.1"
"2017-12-22 09:48","-17.6"
"2017-12-22 09:58","-17.3"
"2017-12-22 10:08","-16.8"
"2017-12-22 10:18","-16.1"
"2017-12-22 10:28","-15.4"
"2017-12-22 10:38","-14.7"
"2017-12-22 10:48","-13.7"
"2017-12-22 10:58","-12.5"
"2017-12-22 11:08","-11.6"
"2017-12-22 11:18","-11.1"
"2017-12-22 11:28","-10.8"
"2017-12-22 11:38","-10.3"
"2017-12-22 11:48","-10.0"
"2017-12-22 11:58","-9.7"
"2017-12-22 12:08","-9.5"
"2017-12-22 12:18","-9.2"
"2017-12-22 12:28","-8.9"
"2017-12-22 12:38","-8.8"
"2017-12-22 12:48","-8.8"
"2017-12-22 12:58","-8.8"
"2017-12-22 13:08","-8.6"
"2017-12-22 13:18","-8.2"
"2017-12-22 13:28","-8.1"
"2017-12-22 13:38","-7.9"
"2017-12-22 13:48","-7.7"
"2017-12-22 13:58","-7.5"
"2017-12-22 14:08","-7.3"
"2017-12-22 14:18","-7.3"
"2017-12-22 14:28","-7.2"
"2017-12-22 14:38","-7.1"
"2017-12-22 14:48","-7.0"
"2017-12-22 14:58","-7.1"
"2017-12-22 15:08","-7.0"
"2017-12-22 15:18","-7.0"
"2017-12-22 15:28","-7.0"
"2017-12-22 15:38","-7.0"
"2017-12-22 15:48","-7.0"
"2017-12-22 15:58","-7.2"
"2017-12-22 16:08","-7.2"
"2017-12-22 16:18","-7.3"
"2017-12-22 16:28","-7.4"
"2017-12-22 16:38","-7.6"
"2017-12-22 16:48","-7.9"
"2017-12-22 16:58","-8.1"
"2017-12-22 17:08","-8.3"
"2017-12-22 17:18","-8.4"
"2017-12-22 17:28","-8.5"
"2017-12-22 17:38","-8.6"
"2017-12-22 17:48","-8.7"
"2017-12-22 17:58","-8.7"
"2017-12-22 18:08","-8.9"
"2017-12-22 18:18","-9.0"
"2017-12-22 18:28","-9.3"
"2017-12-22 18:38","-9.5"
"2017-12-22 18:48","-9.9"
"2017-12-22 18:58","-9.9"
"2017-12-22 19:08","-10.3"
"2017-12-22 19:18","-10.3"
"2017-12-22 19:28","-10.7"
"2017-12-22 19:38","-10.8"
"2017-12-22 19:48","-10.9"
"2017-12-22 19:58","-11.0"
"2017-12-22 20:08","-11.1"
"2017-12-22 20:18","-11.1"
"2017-12-22 20:28","-10.9"
"2017-12-22 20:38","-10.6"
"2017-12-22 20:48","-9.9"
"2017-12-22 20:58","-9.4"
"2017-12-22 21:08","-9.1"
"2017-12-22 21:18","-9.1"
"2017-12-22 21:28","-8.9"
"2017-12-22 21:38","-8.9"
"2017-12-22 21:48","-8.9"
"2017-12-22 21:58","-9.0"
"2017-12-22 22:08","-9.0"
"2017-12-22 22:18","-8.9"
"2017-12-22 22:28","-9.0"
"2017-12-22 22:38","-9.1"
"2017-12-22 22:48","-9.1"
"2017-12-22 22:58","-9.3"
"2017-12-22 23:08","-9.3"
"2017-12-22 23:18","-9.3"
"2017-12-22 23:28","-9.5"
"2017-12-22 23:38","-9.7"
"2017-12-22 23:48","-9.9"
"2017-12-22 23:58","-10.0"
"2017-12-23 00:08","-10.1"
"2017-12-23 00:18","-10.4"
"2017-12-23 00:28","-10.8"
"2017-12-23 00:38","-11.0"
"2017-12-23 00:48","-11.2"
"2017-12-23 00:58","-11.3"
"2017-12-23 01:08","-11.6"
"2017-12-23 01:18","-11.9"
"2017-12-23 01:28","-12.1"
"2017-12-23 01:38","-12.3"
"2017-12-23 01:48","-12.6"
"2017-12-23 01:58","-12.7"
"2017-12-23 02:08","-12.9"
"2017-12-23 02:18","-12.9"
"2017-12-23 02:28","-13.0"
"2017-12-23 02:38","-13.0"
"2017-12-23 02:48","-13.1"
"2017-12-23 03:08","-13.3"
"2017-12-23 03:09","-13.3"
"2017-12-23 03:18","-13.3"
"2017-12-23 03:28","-13.2"
"2017-12-23 03:38","-13.2"
"2017-12-23 03:48","-13.2"
"2017-12-23 03:58","-13.3"
"2017-12-23 04:08","-13.2"
"2017-12-23 04:18","-13.3"
"2017-12-23 04:28","-13.3"
"2017-12-23 04:38","-13.3"
"2017-12-23 04:48","-13.3"
"2017-12-23 04:58","-13.3"
"2017-12-23 05:08","-13.3"
"2017-12-23 05:18","-13.3"
"2017-12-23 05:28","-13.3"
"2017-12-23 05:38","-13.4"
"2017-12-23 05:48","-13.4"
"2017-12-23 05:58","-13.4"
"2017-12-23 06:08","-13.4"
"2017-12-23 06:18","-13.4"
"2017-12-23 06:28","-13.4"
"2017-12-23 06:38","-13.6"
"2017-12-23 06:48","-14.0"
"2017-12-23 06:58","-14.2"
"2017-12-23 07:08","-14.3"
"2017-12-23 07:18","-14.4"
"2017-12-23 07:28","-14.8"
"2017-12-23 07:38","-15.0"
"2017-12-23 07:48","-14.8"
"2017-12-23 07:58","-15.0"
"2017-12-23 08:08","-15.4"
"2017-12-23 08:18","-15.4"
"2017-12-23 08:28","-15.5"
"2017-12-23 08:38","-15.8"
"2017-12-23 08:48","-15.9"
"2017-12-23 08:58","-16.3"
"2017-12-23 09:08","-16.5"
"2017-12-23 09:18","-16.7"
"2017-12-23 09:28","-16.2"
"2017-12-23 09:38","-16.0"
"2017-12-23 09:48","-15.9"
"2017-12-23 09:58","-15.8"
"2017-12-23 10:08","-15.6"
"2017-12-23 10:18","-15.6"
"2017-12-23 10:28","-15.6"
"2017-12-23 10:38","-15.4"
"2017-12-23 10:48","-15.5"
"2017-12-23 10:58","-15.2"
"2017-12-23 11:08","-15.1"
"2017-12-23 11:18","-14.9"
"2017-12-23 11:28","-14.9"
"2017-12-23 11:38","-14.9"
"2017-12-23 11:48","-14.7"
"2017-12-23 11:58","-14.6"
"2017-12-23 12:08","-14.2"
"2017-12-23 12:18","-14.3"
"2017-12-23 12:28","-14.5"
"2017-12-23 12:38","-14.5"
"2017-12-23 12:48","-14.3"
"2017-12-23 12:58","-14.4"
"2017-12-23 13:08","-14.0"
"2017-12-23 13:18","-14.4"
"2017-12-23 13:28","-14.3"
"2017-12-23 13:38","-14.1"
"2017-12-23 13:48","-14.3"
"2017-12-23 13:58","-14.7"
"2017-12-23 14:08","-14.0"
"2017-12-23 14:18","-13.4"
"2017-12-23 14:28","-13.1"
"2017-12-23 14:38","-13.1"
"2017-12-23 14:48","-13.2"
"2017-12-23 14:58","-13.6"
"2017-12-23 15:08","-13.6"
"2017-12-23 15:18","-13.7"
"2017-12-23 15:28","-13.8"
"2017-12-23 15:38","-14.0"
"2017-12-23 15:48","-14.1"
"2017-12-23 15:58","-14.7"
"2017-12-23 16:08","-14.7"
"2017-12-23 16:18","-14.9"
"2017-12-23 16:28","-15.0"
"2017-12-23 16:38","-15.6"
"2017-12-23 16:48","-15.9"
"2017-12-23 16:58","-16.6"
"2017-12-23 17:08","-16.3"
"2017-12-23 17:18","-16.7"
"2017-12-23 17:28","-17.0"
"2017-12-23 17:38","-17.7"
"2017-12-23 17:48","-18.1"
"2017-12-23 17:58","-18.2"
"2017-12-23 18:08","-17.3"
"2017-12-23 18:18","-16.6"
"2017-12-23 18:28","-16.2"
"2017-12-23 18:38","-15.8"
"2017-12-23 18:48","-15.6"
"2017-12-23 18:58","-15.5"
"2017-12-23 19:08","-15.3"
"2017-12-23 19:18","-15.2"
"2017-12-23 19:28","-15.1"
"2017-12-23 19:38","-15.1"
"2017-12-23 19:48","-15.0"
"2017-12-23 19:58","-14.9"
"2017-12-23 20:08","-14.9"
"2017-12-23 20:18","-14.8"
"2017-12-23 20:28","-14.8"
"2017-12-23 20:38","-14.9"
"2017-12-23 20:48","-15.0"
"2017-12-23 20:58","-15.2"
"2017-12-23 21:08","-15.3"
"2017-12-23 21:18","-15.6"
"2017-12-23 21:28","-15.7"
"2017-12-23 21:38","-15.6"
"2017-12-23 21:48","-15.1"
"2017-12-23 21:58","-14.8"
"2017-12-23 22:08","-14.3"
"2017-12-23 22:18","-13.9"
"2017-12-24 11:38","-19.0"
"2017-12-24 11:48","-18.9"
"2017-12-24 11:58","-18.4"
"2017-12-24 12:08","-18.7"
"2017-12-24 12:18","-18.1"
"2017-12-24 12:28","-17.7"
"2017-12-24 12:38","-18.0"
"2017-12-24 12:48","-18.4"
"2017-12-24 12:58","-18.6"
"2017-12-24 13:08","-18.2"
"2017-12-24 13:18","-17.9"
"2017-12-24 13:28","-17.7"
"2017-12-24 13:38","-17.7"
"2017-12-24 13:48","-17.3"
"2017-12-24 13:58","-18.1"
"2017-12-24 14:08","-18.0"
"2017-12-24 14:18","-18.3"
"2017-12-24 14:28","-17.9"
"2017-12-24 14:38","-17.9"
"2017-12-24 14:48","-18.2"
"2017-12-24 14:58","-18.4"
"2017-12-24 15:08","-18.6"
"2017-12-24 15:18","-18.7"
"2017-12-24 15:28","-18.9"
"2017-12-24 15:38","-19.5"
"2017-12-24 15:48","-19.5"
"2017-12-24 15:58","-19.9"
"2017-12-24 16:08","-20.4"
"2017-12-24 16:18","-20.6"
"2017-12-24 16:28","-21.0"
"2017-12-24 16:38","-21.4"
"2017-12-24 16:48","-22.0"
"2017-12-24 16:58","-22.5"
"2017-12-24 17:08","-22.9"
"2017-12-24 17:18","-23.2"
"2017-12-24 17:28","-23.5"
"2017-12-24 17:38","-23.8"
"2017-12-24 17:48","-23.6"
"2017-12-24 17:58","-23.8"
"2017-12-24 18:08","-24.0"
"2017-12-24 18:18","-24.1"
"2017-12-24 18:28","-24.5"
"2017-12-24 18:38","-24.8"
"2017-12-24 18:48","-25.0"
"2017-12-24 18:58","-25.4"
"2017-12-24 19:08","-25.8"
"2017-12-24 19:18","-26.2"
"2017-12-24 19:28","-26.4"
"2017-12-24 19:38","-26.6"
"2017-12-24 19:48","-26.9"
"2017-12-24 19:58","-27.2"
"2017-12-24 20:08","-27.5"
"2017-12-24 20:18","-27.6"
"2017-12-24 20:28","-27.9"
"2017-12-24 20:38","-28.2"
"2017-12-24 20:48","-28.4"
"2017-12-24 20:58","-28.7"
"2017-12-24 21:08","-28.8"
"2017-12-24 21:18","-28.8"
"2017-12-24 21:28","-29.0"
"2017-12-24 21:38","-28.8"
"2017-12-24 21:48","-28.9"
"2017-12-24 21:58","-28.7"
"2017-12-24 22:08","-28.6"
"2017-12-24 22:18","-28.4"
"2017-12-24 22:28","-28.3"
"2017-12-24 22:38","-27.9"
"2017-12-24 22:48","-27.8"
"2017-12-24 22:58","-27.6"
"2017-12-24 23:08","-27.5"
"2017-12-24 23:18","-27.3"
"2017-12-24 23:28","-27.1"
"2017-12-24 23:38","-27.0"
"2017-12-24 23:48","-26.9"
"2017-12-24 23:58","-26.6"
"2017-12-25 00:08","-26.8"
"2017-12-25 00:18","-27.0"
"2017-12-25 00:28","-27.0"
"2017-12-25 00:38","-27.1"
"2017-12-25 00:48","-27.2"
"2017-12-25 00:58","-26.9"
"2017-12-25 11:18","-25.5"
"2017-12-25 11:28","-25.0"
"2017-12-26 10:58","-30.7"
"2017-12-26 11:08","-30.5"
"2017-12-27 10:48","-35.2"
"2017-12-27 10:58","-35.0"
"2017-12-27 11:08","-33.3"
"2017-12-27 11:18","-31.8"