"Time EST","Pressure (kPa)"
"2017-11-01 00:08","100.53"
"2017-11-01 00:16","100.54"
"2017-11-01 00:28","100.54"
"2017-11-01 00:36","100.56"
"2017-11-01 00:47","100.57"
"2017-11-01 00:56","100.59"
"2017-11-01 01:09","100.61"
"2017-11-01 01:16","100.61"
"2017-11-01 01:29","100.62"
"2017-11-01 01:36","100.62"
"2017-11-01 01:48","100.63"
"2017-11-01 01:56","100.63"
"2017-11-01 02:08","100.62"
"2017-11-01 02:16","100.64"
"2017-11-01 02:27","100.64"
"2017-11-01 02:36","100.64"
"2017-11-01 02:48","100.64"
"2017-11-01 02:56","100.64"
"2017-11-01 03:07","100.64"
"2017-11-01 03:16","100.67"
"2017-11-01 03:27","100.67"
"2017-11-01 03:36","100.66"
"2017-11-01 03:47","100.66"
"2017-11-01 03:56","100.66"
"2017-11-01 04:07","100.66"
"2017-11-01 04:16","100.66"
"2017-11-01 04:27","100.67"
"2017-11-01 04:36","100.66"
"2017-11-01 04:47","100.65"
"2017-11-01 04:56","100.67"
"2017-11-01 05:07","100.68"
"2017-11-01 05:16","100.67"
"2017-11-01 05:27","100.69"
"2017-11-01 05:36","100.70"
"2017-11-01 05:47","100.70"
"2017-11-01 05:56","100.71"
"2017-11-01 06:07","100.71"
"2017-11-01 06:16","100.71"
"2017-11-01 06:28","100.70"
"2017-11-01 06:36","100.72"
"2017-11-01 06:47","100.72"
"2017-11-01 06:56","100.73"
"2017-11-01 07:07","100.74"
"2017-11-01 07:16","100.75"
"2017-11-01 07:27","100.76"
"2017-11-01 07:36","100.76"
"2017-11-01 07:47","100.77"
"2017-11-01 07:56","100.78"
"2017-11-01 08:07","100.79"
"2017-11-01 08:16","100.80"
"2017-11-01 08:27","100.80"
"2017-11-01 08:36","100.82"
"2017-11-01 08:47","100.84"
"2017-11-01 08:56","100.86"
"2017-11-01 09:07","100.88"
"2017-11-01 09:16","100.90"
"2017-11-01 09:27","100.90"
"2017-11-01 09:36","100.91"
"2017-11-01 09:47","100.91"
"2017-11-01 09:56","100.90"
"2017-11-01 10:07","100.91"
"2017-11-01 10:16","100.91"
"2017-11-01 10:28","100.92"
"2017-11-01 10:36","100.92"
"2017-11-01 10:47","100.91"
"2017-11-01 10:56","100.92"
"2017-11-01 11:08","100.92"
"2017-11-01 11:16","100.90"
"2017-11-01 11:27","100.93"
"2017-11-01 11:36","100.91"
"2017-11-01 11:47","100.89"
"2017-11-01 11:56","100.89"
"2017-11-01 12:07","100.88"
"2017-11-01 12:16","100.87"
"2017-11-01 12:28","100.85"
"2017-11-01 12:36","100.84"
"2017-11-01 12:48","100.84"
"2017-11-01 12:56","100.83"
"2017-11-01 13:08","100.82"
"2017-11-01 13:16","100.79"
"2017-11-01 13:27","100.79"
"2017-11-01 13:36","100.81"
"2017-11-01 13:48","100.77"
"2017-11-01 13:56","100.77"
"2017-11-01 14:08","100.75"
"2017-11-01 14:16","100.74"
"2017-11-01 14:28","100.75"
"2017-11-01 14:36","100.75"
"2017-11-01 14:48","100.75"
"2017-11-01 14:56","100.75"
"2017-11-01 15:08","100.75"
"2017-11-01 15:16","100.74"
"2017-11-01 15:27","100.75"
"2017-11-01 15:36","100.74"
"2017-11-01 15:48","100.76"
"2017-11-01 15:56","100.75"
"2017-11-01 16:08","100.75"
"2017-11-01 16:16","100.74"
"2017-11-01 16:29","100.76"
"2017-11-01 16:36","100.76"
"2017-11-01 16:48","100.74"
"2017-11-01 16:56","100.77"
"2017-11-01 17:09","100.77"
"2017-11-01 17:16","100.78"
"2017-11-01 17:28","100.77"
"2017-11-01 17:36","100.77"
"2017-11-01 17:47","100.76"
"2017-11-01 17:56","100.77"
"2017-11-01 18:08","100.75"
"2017-11-01 18:16","100.75"
"2017-11-01 18:28","100.74"
"2017-11-01 18:36","100.74"
"2017-11-01 18:48","100.74"
"2017-11-01 18:56","100.74"
"2017-11-01 19:07","100.75"
"2017-11-01 19:16","100.77"
"2017-11-01 19:29","100.75"
"2017-11-01 19:36","100.75"
"2017-11-01 19:49","100.73"
"2017-11-01 19:56","100.72"
"2017-11-01 20:07","100.71"
"2017-11-01 20:16","100.70"
"2017-11-01 20:27","100.70"
"2017-11-01 20:36","100.69"
"2017-11-01 20:47","100.67"
"2017-11-01 20:56","100.70"
"2017-11-01 21:06","100.71"
"2017-11-01 21:16","100.69"
"2017-11-01 21:26","100.68"
"2017-11-01 21:36","100.69"
"2017-11-01 21:46","100.69"
"2017-11-01 21:56","100.68"
"2017-11-01 22:06","100.69"
"2017-11-01 22:16","100.69"
"2017-11-01 22:26","100.68"
"2017-11-01 22:36","100.68"
"2017-11-01 22:46","100.68"
"2017-11-01 22:56","100.69"
"2017-11-01 23:06","100.70"
"2017-11-01 23:16","100.72"
"2017-11-01 23:26","100.71"
"2017-11-01 23:36","100.70"
"2017-11-01 23:46","100.68"
"2017-11-01 23:56","100.65"
"2017-11-02 00:06","100.63"
"2017-11-02 00:16","100.60"
"2017-11-02 00:26","100.61"
"2017-11-02 00:36","100.59"
"2017-11-02 00:46","100.59"
"2017-11-02 00:56","100.58"
"2017-11-02 01:06","100.58"
"2017-11-02 01:16","100.56"
"2017-11-02 01:26","100.54"
"2017-11-02 01:36","100.55"
"2017-11-02 01:46","100.56"
"2017-11-02 01:56","100.55"
"2017-11-02 02:06","100.54"
"2017-11-02 02:16","100.53"
"2017-11-02 02:26","100.52"
"2017-11-02 02:36","100.50"
"2017-11-02 02:46","100.50"
"2017-11-02 02:56","100.48"
"2017-11-02 03:06","100.46"
"2017-11-02 03:16","100.45"
"2017-11-02 03:26","100.44"
"2017-11-02 03:36","100.42"
"2017-11-02 03:46","100.41"
"2017-11-02 03:56","100.41"
"2017-11-02 04:06","100.42"
"2017-11-02 04:16","100.39"
"2017-11-02 04:26","100.37"
"2017-11-02 04:36","100.35"
"2017-11-02 04:46","100.34"
"2017-11-02 04:56","100.32"
"2017-11-02 05:06","100.30"
"2017-11-02 05:16","100.27"
"2017-11-02 05:26","100.26"
"2017-11-02 05:36","100.22"
"2017-11-02 05:46","100.21"
"2017-11-02 05:56","100.21"
"2017-11-02 06:06","100.19"
"2017-11-02 06:16","100.17"
"2017-11-02 06:26","100.16"
"2017-11-02 06:36","100.13"
"2017-11-02 06:46","100.11"
"2017-11-02 06:56","100.12"
"2017-11-02 07:06","100.12"
"2017-11-02 07:16","100.09"
"2017-11-02 07:26","100.08"
"2017-11-02 07:36","100.10"
"2017-11-02 07:46","100.09"
"2017-11-02 07:56","100.11"
"2017-11-02 08:06","100.11"
"2017-11-02 08:16","100.09"
"2017-11-02 08:26","100.09"
"2017-11-02 08:36","100.09"
"2017-11-02 08:46","100.08"
"2017-11-02 08:56","100.10"
"2017-11-02 09:06","100.10"
"2017-11-02 09:16","100.09"
"2017-11-02 09:26","100.10"
"2017-11-02 09:36","100.09"
"2017-11-02 09:46","100.10"
"2017-11-02 09:56","100.09"
"2017-11-02 10:06","100.09"
"2017-11-02 10:16","100.08"
"2017-11-02 10:26","100.08"
"2017-11-02 10:36","100.10"
"2017-11-02 10:46","100.10"
"2017-11-02 10:56","100.11"
"2017-11-02 11:06","100.10"
"2017-11-02 11:16","100.10"
"2017-11-02 11:26","100.10"
"2017-11-02 11:36","100.12"
"2017-11-02 11:46","100.12"
"2017-11-02 11:56","100.10"
"2017-11-02 12:06","100.11"
"2017-11-02 12:16","100.10"
"2017-11-02 12:26","100.11"
"2017-11-02 12:36","100.10"
"2017-11-02 12:46","100.08"
"2017-11-02 12:56","100.10"
"2017-11-02 13:06","100.09"
"2017-11-02 13:16","100.08"
"2017-11-02 13:26","100.08"
"2017-11-02 13:36","100.07"
"2017-11-02 13:46","100.07"
"2017-11-02 13:56","100.06"
"2017-11-02 14:06","100.06"
"2017-11-02 14:16","100.06"
"2017-11-02 14:26","100.05"
"2017-11-02 14:36","100.04"
"2017-11-02 14:46","100.05"
"2017-11-02 14:56","100.06"
"2017-11-02 15:06","100.04"
"2017-11-02 15:16","100.04"
"2017-11-02 15:26","100.05"
"2017-11-02 15:36","100.04"
"2017-11-02 15:46","100.04"
"2017-11-02 15:56","100.05"
"2017-11-02 16:06","100.05"
"2017-11-02 16:16","100.04"
"2017-11-02 16:26","100.03"
"2017-11-02 16:36","100.05"
"2017-11-02 16:46","100.04"
"2017-11-02 16:56","100.05"
"2017-11-02 17:06","100.05"
"2017-11-02 17:16","100.06"
"2017-11-02 17:26","100.04"
"2017-11-02 17:36","100.06"
"2017-11-02 17:46","100.05"
"2017-11-02 17:56","100.05"
"2017-11-02 18:06","100.06"
"2017-11-02 18:16","100.05"
"2017-11-02 18:26","100.04"
"2017-11-02 18:36","100.04"
"2017-11-02 18:46","100.03"
"2017-11-02 18:56","100.00"
"2017-11-02 19:06","100.01"
"2017-11-02 19:16","100.00"
"2017-11-02 19:26","100.00"
"2017-11-02 19:36","99.99"
"2017-11-02 19:46","99.98"
"2017-11-02 19:56","99.97"
"2017-11-02 20:06","99.96"
"2017-11-02 20:16","99.92"
"2017-11-02 20:26","99.91"
"2017-11-02 20:36","99.89"
"2017-11-02 20:46","99.90"
"2017-11-02 20:56","99.89"
"2017-11-02 21:06","99.89"
"2017-11-02 21:16","99.89"
"2017-11-02 21:26","99.88"
"2017-11-02 21:36","99.88"
"2017-11-02 21:46","99.86"
"2017-11-02 21:56","99.86"
"2017-11-02 22:06","99.87"
"2017-11-02 22:16","99.86"
"2017-11-02 22:26","99.85"
"2017-11-02 22:36","99.85"
"2017-11-02 22:46","99.84"
"2017-11-02 22:56","99.82"
"2017-11-02 23:06","99.82"
"2017-11-02 23:16","99.80"
"2017-11-02 23:26","99.79"
"2017-11-02 23:36","99.78"
"2017-11-02 23:46","99.76"
"2017-11-02 23:56","99.75"
"2017-11-03 00:06","99.74"
"2017-11-03 00:16","99.71"
"2017-11-03 00:26","99.70"
"2017-11-03 00:36","99.69"
"2017-11-03 00:46","99.69"
"2017-11-03 00:56","99.69"
"2017-11-03 01:06","99.69"
"2017-11-03 01:16","99.70"
"2017-11-03 01:26","99.72"
"2017-11-03 01:36","99.69"
"2017-11-03 01:46","99.69"
"2017-11-03 01:56","99.70"
"2017-11-03 02:06","99.69"
"2017-11-03 02:16","99.69"
"2017-11-03 02:26","99.67"
"2017-11-03 02:36","99.67"
"2017-11-03 02:46","99.67"
"2017-11-03 02:56","99.67"
"2017-11-03 03:06","99.67"
"2017-11-03 03:16","99.69"
"2017-11-03 03:26","99.67"
"2017-11-03 03:36","99.74"
"2017-11-03 03:46","99.74"
"2017-11-03 03:56","99.72"
"2017-11-03 04:06","99.72"
"2017-11-03 04:16","99.70"
"2017-11-03 04:26","99.71"
"2017-11-03 04:36","99.69"
"2017-11-03 04:46","99.71"
"2017-11-03 04:56","99.72"
"2017-11-03 05:06","99.69"
"2017-11-03 05:16","99.77"
"2017-11-03 05:26","99.76"
"2017-11-03 05:36","99.77"
"2017-11-03 05:46","99.77"
"2017-11-03 05:56","99.80"
"2017-11-03 06:06","99.80"
"2017-11-03 06:16","99.78"
"2017-11-03 06:26","99.77"
"2017-11-03 06:36","99.79"
"2017-11-03 06:46","99.80"
"2017-11-03 06:56","99.87"
"2017-11-03 07:06","99.85"
"2017-11-03 07:16","99.82"
"2017-11-03 07:26","99.82"
"2017-11-03 07:36","99.85"
"2017-11-03 07:46","99.85"
"2017-11-03 07:56","99.89"
"2017-11-03 08:06","99.90"
"2017-11-03 08:16","99.96"
"2017-11-03 08:26","99.94"
"2017-11-03 08:36","99.98"
"2017-11-03 08:46","99.97"
"2017-11-03 08:56","99.95"
"2017-11-03 09:06","99.98"
"2017-11-03 09:16","99.97"
"2017-11-03 09:26","99.98"
"2017-11-03 09:36","99.98"
"2017-11-03 09:46","100.01"
"2017-11-03 09:56","100.01"
"2017-11-03 10:06","100.01"
"2017-11-03 10:16","100.04"
"2017-11-03 10:26","100.05"
"2017-11-03 10:36","100.05"
"2017-11-03 10:46","100.05"
"2017-11-03 10:56","100.05"
"2017-11-03 11:06","100.06"
"2017-11-03 11:16","100.06"
"2017-11-03 11:26","100.07"
"2017-11-03 11:36","100.11"
"2017-11-03 11:46","100.11"
"2017-11-03 11:56","100.13"
"2017-11-03 12:06","100.14"
"2017-11-03 12:16","100.15"
"2017-11-03 12:26","100.15"
"2017-11-03 12:36","100.17"
"2017-11-03 12:46","100.17"
"2017-11-03 12:56","100.17"
"2017-11-03 13:06","100.17"
"2017-11-03 13:16","100.18"
"2017-11-03 13:26","100.20"
"2017-11-03 13:36","100.21"
"2017-11-03 13:46","100.21"
"2017-11-03 13:56","100.21"
"2017-11-03 14:06","100.22"
"2017-11-03 14:16","100.23"
"2017-11-03 14:26","100.24"
"2017-11-03 14:36","100.28"
"2017-11-03 14:46","100.30"
"2017-11-03 14:56","100.31"
"2017-11-03 15:06","100.33"
"2017-11-03 15:16","100.35"
"2017-11-03 15:26","100.37"
"2017-11-03 15:36","100.38"
"2017-11-03 15:46","100.37"
"2017-11-03 15:56","100.40"
"2017-11-03 16:07","100.42"
"2017-11-03 16:16","100.46"
"2017-11-03 16:26","100.48"
"2017-11-03 16:46","100.55"
"2017-11-03 17:07","100.56"
"2017-11-03 17:26","100.61"
"2017-11-03 17:46","100.64"
"2017-11-03 18:07","100.70"
"2017-11-03 18:26","100.76"
"2017-11-03 18:46","100.80"
"2017-11-03 19:07","100.86"
"2017-11-03 19:26","100.90"
"2017-11-03 19:46","100.92"
"2017-11-03 20:07","100.96"
"2017-11-03 20:26","100.95"
"2017-11-03 20:27","100.95"
"2017-11-03 20:46","100.96"
"2017-11-03 21:07","100.99"
"2017-11-03 21:26","101.00"
"2017-11-03 21:46","101.05"
"2017-11-03 22:07","101.11"
"2017-11-03 22:26","101.13"
"2017-11-03 22:46","101.13"
"2017-11-03 23:07","101.15"
"2017-11-03 23:26","101.14"
"2017-11-03 23:46","101.18"
"2017-11-04 00:07","101.16"
"2017-11-04 00:26","101.17"
"2017-11-04 00:46","101.19"
"2017-11-04 01:07","101.18"
"2017-11-04 01:26","101.21"
"2017-11-04 01:46","101.22"
"2017-11-04 02:07","101.19"
"2017-11-04 02:26","101.19"
"2017-11-04 02:46","101.19"
"2017-11-04 02:48","101.18"
"2017-11-04 03:07","101.16"
"2017-11-04 03:26","101.17"
"2017-11-04 03:46","101.16"
"2017-11-04 04:07","101.18"
"2017-11-04 04:26","101.17"
"2017-11-04 04:46","101.19"
"2017-11-04 05:07","101.22"
"2017-11-04 05:26","101.25"
"2017-11-04 05:46","101.27"
"2017-11-04 06:07","101.32"
"2017-11-04 06:26","101.31"
"2017-11-04 06:39","101.32"
"2017-11-04 06:46","101.33"
"2017-11-04 07:07","101.37"
"2017-11-04 07:26","101.42"
"2017-11-04 07:46","101.43"
"2017-11-04 08:07","101.47"
"2017-11-04 08:26","101.47"
"2017-11-04 08:46","101.46"
"2017-11-04 09:07","101.46"
"2017-11-04 09:26","101.46"
"2017-11-04 09:46","101.47"
"2017-11-04 10:07","101.49"
"2017-11-04 10:26","101.48"
"2017-11-04 10:46","101.48"
"2017-11-04 10:53","101.46"
"2017-11-04 11:07","101.45"
"2017-11-04 11:26","101.44"
"2017-11-04 11:46","101.47"
"2017-11-04 12:07","101.50"
"2017-11-04 12:26","101.46"
"2017-11-04 12:46","101.43"
"2017-11-04 13:07","101.40"
"2017-11-04 13:26","101.41"
"2017-11-04 13:46","101.38"
"2017-11-04 14:07","101.35"
"2017-11-04 14:26","101.31"
"2017-11-04 14:46","101.29"
"2017-11-04 15:07","101.26"
"2017-11-04 15:26","101.26"
"2017-11-04 15:46","101.27"
"2017-11-04 16:07","101.27"
"2017-11-04 16:26","101.21"
"2017-11-04 16:46","101.27"
"2017-11-04 17:00","101.24"
"2017-11-04 17:07","101.24"
"2017-11-04 17:26","101.23"
"2017-11-04 17:46","101.22"
"2017-11-04 18:07","101.23"
"2017-11-04 18:26","101.23"
"2017-11-04 18:46","101.20"
"2017-11-04 19:07","101.16"
"2017-11-04 19:26","101.12"
"2017-11-04 19:46","101.10"
"2017-11-04 20:07","101.06"
"2017-11-04 20:26","101.01"
"2017-11-04 20:46","101.04"
"2017-11-04 21:07","101.01"
"2017-11-04 21:26","101.00"
"2017-11-04 21:46","100.95"
"2017-11-04 21:55","100.94"
"2017-11-04 22:07","100.90"
"2017-11-04 22:26","100.87"
"2017-11-04 22:46","100.83"
"2017-11-04 23:07","100.78"
"2017-11-04 23:26","100.67"
"2017-11-04 23:46","100.75"
"2017-11-05 00:07","100.74"
"2017-11-05 00:26","100.76"
"2017-11-05 00:46","100.75"
"2017-11-05 01:08","100.71"
"2017-11-05 01:09","100.65"
"2017-11-05 01:26","100.67"
"2017-11-05 01:28","100.64"
"2017-11-05 01:46","100.61"
"2017-11-05 01:47","100.66"
"2017-11-05 01:48","100.61"
"2017-11-05 02:07","100.60"
"2017-11-05 02:26","100.58"
"2017-11-05 02:46","100.54"
"2017-11-05 03:08","100.53"
"2017-11-05 03:26","100.49"
"2017-11-05 03:46","100.42"
"2017-11-05 04:07","100.43"
"2017-11-05 04:26","100.41"
"2017-11-05 04:46","100.41"
"2017-11-05 05:07","100.37"
"2017-11-05 05:26","100.36"
"2017-11-05 05:46","100.31"
"2017-11-05 05:57","100.28"
"2017-11-05 06:07","100.26"
"2017-11-05 06:26","100.22"
"2017-11-05 06:46","100.18"
"2017-11-05 07:07","100.16"
"2017-11-05 07:26","100.14"
"2017-11-05 07:46","100.13"
"2017-11-05 08:07","100.13"
"2017-11-05 08:26","100.13"
"2017-11-05 08:46","100.08"
"2017-11-05 09:07","100.05"
"2017-11-05 09:11","100.03"
"2017-11-05 09:26","100.01"
"2017-11-05 09:46","100.00"
"2017-11-05 10:07","99.94"
"2017-11-05 10:26","99.93"
"2017-11-05 10:46","99.88"
"2017-11-05 11:07","99.86"
"2017-11-05 11:26","99.85"
"2017-11-05 11:46","99.85"
"2017-11-05 12:07","99.75"
"2017-11-05 12:09","99.72"
"2017-11-05 12:26","99.70"
"2017-11-05 12:46","99.63"
"2017-11-05 13:07","99.61"
"2017-11-05 13:26","99.60"
"2017-11-05 13:46","99.52"
"2017-11-05 14:07","99.51"
"2017-11-05 14:26","99.51"
"2017-11-05 14:46","99.51"
"2017-11-05 15:07","99.49"
"2017-11-05 15:26","99.49"
"2017-11-05 15:46","99.47"
"2017-11-05 16:07","99.48"
"2017-11-05 16:14","99.47"
"2017-11-05 16:26","99.46"
"2017-11-05 16:46","99.46"
"2017-11-05 17:07","99.45"
"2017-11-05 17:26","99.44"
"2017-11-05 17:46","99.39"
"2017-11-05 18:07","99.41"
"2017-11-05 18:26","99.41"
"2017-11-05 18:46","99.39"
"2017-11-05 19:07","99.35"
"2017-11-05 19:26","99.33"
"2017-11-05 19:46","99.31"
"2017-11-05 20:07","99.31"
"2017-11-05 20:26","99.32"
"2017-11-05 20:46","99.31"
"2017-11-05 21:07","99.29"
"2017-11-05 21:26","99.27"
"2017-11-05 21:46","99.24"
"2017-11-05 22:07","99.20"
"2017-11-05 22:26","99.13"
"2017-11-05 22:46","99.10"
"2017-11-05 23:07","99.10"
"2017-11-05 23:26","99.08"
"2017-11-05 23:46","99.08"
"2017-11-06 00:07","99.07"
"2017-11-06 00:26","99.06"
"2017-11-06 00:46","99.05"
"2017-11-06 00:55","99.05"
"2017-11-06 01:07","99.05"
"2017-11-06 01:26","99.06"
"2017-11-06 01:46","99.03"
"2017-11-06 02:07","99.02"
"2017-11-06 02:26","99.01"
"2017-11-06 02:46","99.01"
"2017-11-06 03:07","99.01"
"2017-11-06 03:26","99.02"
"2017-11-06 03:46","99.04"
"2017-11-06 04:07","99.05"
"2017-11-06 04:26","99.07"
"2017-11-06 04:46","99.11"
"2017-11-06 05:07","99.14"
"2017-11-06 05:26","99.15"
"2017-11-06 05:28","99.15"
"2017-11-06 05:29","99.15"
"2017-11-06 05:46","99.17"
"2017-11-06 06:07","99.21"
"2017-11-06 06:26","99.22"
"2017-11-06 06:46","99.31"
"2017-11-06 07:07","99.36"
"2017-11-06 07:26","99.40"
"2017-11-06 07:46","99.45"
"2017-11-06 08:07","99.47"
"2017-11-06 08:26","99.51"
"2017-11-06 08:46","99.60"
"2017-11-06 09:07","99.62"
"2017-11-06 09:26","99.64"
"2017-11-06 09:46","99.68"
"2017-11-06 09:55","99.72"
"2017-11-06 10:07","99.73"
"2017-11-06 10:26","99.76"
"2017-11-06 10:46","99.80"
"2017-11-06 11:07","99.82"
"2017-11-06 11:26","99.84"
"2017-11-06 11:46","99.85"
"2017-11-06 12:07","99.89"
"2017-11-06 12:26","99.91"
"2017-11-06 12:46","99.94"
"2017-11-06 13:07","99.99"
"2017-11-06 13:26","100.03"
"2017-11-06 13:46","100.08"
"2017-11-06 13:58","100.10"
"2017-11-06 14:07","100.10"
"2017-11-06 14:26","100.15"
"2017-11-06 14:46","100.19"
"2017-11-06 15:07","100.23"
"2017-11-06 15:26","100.26"
"2017-11-06 15:46","100.28"
"2017-11-06 16:07","100.33"
"2017-11-06 16:26","100.38"
"2017-11-06 16:46","100.40"
"2017-11-06 17:07","100.44"
"2017-11-06 17:27","100.46"
"2017-11-06 17:46","100.49"
"2017-11-06 17:47","100.51"
"2017-11-06 18:07","100.56"
"2017-11-06 18:26","100.57"
"2017-11-06 18:46","100.59"
"2017-11-06 19:07","100.63"
"2017-11-06 19:26","100.63"
"2017-11-06 19:46","100.65"
"2017-11-06 20:07","100.68"
"2017-11-06 20:26","100.68"
"2017-11-06 20:46","100.69"
"2017-11-06 21:07","100.71"
"2017-11-06 21:26","100.74"
"2017-11-06 21:46","100.77"
"2017-11-06 22:07","100.78"
"2017-11-06 22:26","100.80"
"2017-11-06 22:46","100.80"
"2017-11-06 23:07","100.80"
"2017-11-06 23:26","100.81"
"2017-11-06 23:46","100.81"
"2017-11-06 23:55","100.82"
"2017-11-07 00:07","100.83"
"2017-11-07 00:26","100.83"
"2017-11-07 00:46","100.83"
"2017-11-07 01:07","100.87"
"2017-11-07 01:26","100.86"
"2017-11-07 01:46","100.84"
"2017-11-07 02:07","100.88"
"2017-11-07 02:26","100.93"
"2017-11-07 02:46","100.92"
"2017-11-07 03:07","100.92"
"2017-11-07 03:26","100.96"
"2017-11-07 03:46","100.96"
"2017-11-07 04:07","100.98"
"2017-11-07 04:26","100.97"
"2017-11-07 04:46","100.97"
"2017-11-07 05:07","101.01"
"2017-11-07 05:26","101.01"
"2017-11-07 05:46","101.00"
"2017-11-07 06:07","100.96"
"2017-11-07 06:26","100.97"
"2017-11-07 06:46","100.96"
"2017-11-07 06:59","101.01"
"2017-11-07 07:07","101.01"
"2017-11-07 07:26","101.00"
"2017-11-07 07:46","101.02"
"2017-11-07 08:07","101.07"
"2017-11-07 08:26","101.07"
"2017-11-07 08:46","101.07"
"2017-11-07 09:07","101.09"
"2017-11-07 09:26","101.08"
"2017-11-07 09:46","101.11"
"2017-11-07 10:07","101.12"
"2017-11-07 10:26","101.11"
"2017-11-07 10:46","101.09"
"2017-11-07 11:07","101.06"
"2017-11-07 11:26","101.02"
"2017-11-07 11:46","101.01"
"2017-11-07 12:07","100.95"
"2017-11-07 12:26","100.94"
"2017-11-07 12:46","100.90"
"2017-11-07 13:07","100.88"
"2017-11-07 13:26","100.86"
"2017-11-07 13:46","100.84"
"2017-11-07 14:07","100.84"
"2017-11-07 14:08","100.84"
"2017-11-07 14:26","100.84"
"2017-11-07 14:46","100.83"
"2017-11-07 15:07","100.82"
"2017-11-07 15:26","100.83"
"2017-11-07 15:46","100.83"
"2017-11-07 16:08","100.83"
"2017-11-07 16:26","100.81"
"2017-11-07 16:46","100.79"
"2017-11-07 17:07","100.81"
"2017-11-07 17:26","100.83"
"2017-11-07 17:46","100.86"
"2017-11-07 18:07","100.87"
"2017-11-07 18:26","100.88"
"2017-11-07 18:35","100.87"
"2017-11-07 18:46","100.88"
"2017-11-07 19:07","100.89"
"2017-11-07 19:26","100.89"
"2017-11-07 19:46","100.89"
"2017-11-07 20:07","100.88"
"2017-11-07 20:26","100.92"
"2017-11-07 20:46","100.94"
"2017-11-07 21:07","100.94"
"2017-11-07 21:24","100.95"
"2017-11-07 21:26","100.95"
"2017-11-07 21:46","100.96"
"2017-11-07 22:07","100.94"
"2017-11-07 22:26","100.93"
"2017-11-07 22:46","100.93"
"2017-11-07 23:07","100.93"
"2017-11-07 23:26","100.93"
"2017-11-07 23:46","100.92"
"2017-11-08 00:07","100.92"
"2017-11-08 00:26","100.92"
"2017-11-08 00:46","100.93"
"2017-11-08 01:07","100.92"
"2017-11-08 01:26","100.91"
"2017-11-08 01:46","100.91"
"2017-11-08 02:07","100.91"
"2017-11-08 02:26","100.90"
"2017-11-08 02:46","100.88"
"2017-11-08 03:07","100.88"
"2017-11-08 03:26","100.86"
"2017-11-08 03:46","100.87"
"2017-11-08 04:02","100.88"
"2017-11-08 04:07","100.88"
"2017-11-08 04:26","100.89"
"2017-11-08 04:46","100.91"
"2017-11-08 05:07","100.91"
"2017-11-08 05:26","100.90"
"2017-11-08 05:46","100.94"
"2017-11-08 06:07","100.95"
"2017-11-08 06:26","100.96"
"2017-11-08 06:46","100.97"
"2017-11-08 07:07","100.98"
"2017-11-08 07:26","101.01"
"2017-11-08 07:46","101.01"
"2017-11-08 08:07","101.01"
"2017-11-08 08:26","101.00"
"2017-11-08 08:47","101.01"
"2017-11-08 09:08","101.00"
"2017-11-08 09:20","100.99"
"2017-11-08 09:26","101.00"
"2017-11-08 09:46","100.98"
"2017-11-08 10:07","100.98"
"2017-11-08 10:26","100.97"
"2017-11-08 10:46","100.94"
"2017-11-08 11:07","100.93"
"2017-11-08 11:26","100.90"
"2017-11-08 11:46","100.88"
"2017-11-08 12:08","100.84"
"2017-11-08 12:29","100.80"
"2017-11-08 12:46","100.80"
"2017-11-08 13:07","100.77"
"2017-11-08 13:26","100.76"
"2017-11-08 13:46","100.73"
"2017-11-08 14:07","100.70"
"2017-11-08 14:26","100.70"
"2017-11-08 14:46","100.68"
"2017-11-08 15:07","100.70"
"2017-11-08 15:26","100.68"
"2017-11-08 15:46","100.66"
"2017-11-08 16:07","100.67"
"2017-11-08 16:26","100.68"
"2017-11-08 16:46","100.67"
"2017-11-08 17:07","100.70"
"2017-11-08 17:26","100.69"
"2017-11-08 17:46","100.71"
"2017-11-08 18:07","100.70"
"2017-11-08 18:26","100.70"
"2017-11-08 18:46","100.70"
"2017-11-08 19:07","100.72"
"2017-11-08 19:26","100.73"
"2017-11-08 19:46","100.72"
"2017-11-08 19:47","100.73"
"2017-11-08 20:07","100.72"
"2017-11-08 20:26","100.72"
"2017-11-08 20:46","100.73"
"2017-11-08 20:56","100.74"
"2017-11-08 21:08","100.72"
"2017-11-08 21:16","100.72"
"2017-11-08 21:27","100.71"
"2017-11-08 21:36","100.71"
"2017-11-08 21:46","100.71"
"2017-11-08 21:56","100.71"
"2017-11-08 22:06","100.70"
"2017-11-08 22:16","100.70"
"2017-11-08 22:26","100.69"
"2017-11-08 22:36","100.66"
"2017-11-08 22:46","100.66"
"2017-11-08 22:56","100.65"
"2017-11-08 23:06","100.65"
"2017-11-08 23:16","100.65"
"2017-11-08 23:26","100.65"
"2017-11-08 23:36","100.64"
"2017-11-08 23:46","100.64"
"2017-11-08 23:56","100.62"
"2017-11-09 00:06","100.62"
"2017-11-09 00:16","100.60"
"2017-11-09 00:26","100.60"
"2017-11-09 00:36","100.59"
"2017-11-09 00:46","100.57"
"2017-11-09 00:56","100.57"
"2017-11-09 01:06","100.57"
"2017-11-09 01:16","100.57"
"2017-11-09 01:26","100.56"
"2017-11-09 01:36","100.54"
"2017-11-09 01:46","100.55"
"2017-11-09 01:56","100.54"
"2017-11-09 02:06","100.54"
"2017-11-09 02:16","100.50"
"2017-11-09 02:26","100.49"
"2017-11-09 02:36","100.48"
"2017-11-09 02:46","100.48"
"2017-11-09 02:56","100.46"
"2017-11-09 03:16","100.47"
"2017-11-09 03:26","100.47"
"2017-11-09 03:36","100.47"
"2017-11-09 03:46","100.47"
"2017-11-09 03:56","100.47"
"2017-11-09 04:06","100.47"
"2017-11-09 04:16","100.46"
"2017-11-09 04:26","100.46"
"2017-11-09 04:36","100.45"
"2017-11-09 04:46","100.45"
"2017-11-09 04:56","100.43"
"2017-11-09 05:06","100.42"
"2017-11-09 05:16","100.41"
"2017-11-09 05:26","100.41"
"2017-11-09 05:36","100.40"
"2017-11-09 05:46","100.41"
"2017-11-09 05:56","100.41"
"2017-11-09 06:06","100.41"
"2017-11-09 06:16","100.38"
"2017-11-09 06:26","100.38"
"2017-11-09 06:36","100.38"
"2017-11-09 06:46","100.39"
"2017-11-09 06:56","100.38"
"2017-11-09 07:06","100.38"
"2017-11-09 07:16","100.37"
"2017-11-09 07:26","100.37"
"2017-11-09 07:36","100.37"
"2017-11-09 07:46","100.37"
"2017-11-09 07:56","100.35"
"2017-11-09 08:06","100.33"
"2017-11-09 08:16","100.34"
"2017-11-09 08:26","100.33"
"2017-11-09 08:36","100.32"
"2017-11-09 08:46","100.33"
"2017-11-09 08:56","100.31"
"2017-11-09 09:06","100.28"
"2017-11-09 09:16","100.26"
"2017-11-09 09:26","100.26"
"2017-11-09 09:36","100.25"
"2017-11-09 09:46","100.25"
"2017-11-09 09:56","100.24"
"2017-11-09 10:06","100.23"
"2017-11-09 10:16","100.22"
"2017-11-09 10:26","100.20"
"2017-11-09 10:36","100.16"
"2017-11-09 10:46","100.14"
"2017-11-09 10:56","100.07"
"2017-11-09 11:06","100.05"
"2017-11-09 11:16","100.03"
"2017-11-09 11:26","100.01"
"2017-11-09 11:36","99.99"
"2017-11-09 11:46","99.96"
"2017-11-09 11:56","99.95"
"2017-11-09 12:06","99.94"
"2017-11-09 12:16","99.91"
"2017-11-09 12:26","99.89"
"2017-11-09 12:36","99.86"
"2017-11-09 12:46","99.84"
"2017-11-09 12:56","99.79"
"2017-11-09 13:06","99.78"
"2017-11-09 13:16","99.76"
"2017-11-09 13:26","99.76"
"2017-11-09 13:36","99.74"
"2017-11-09 13:46","99.73"
"2017-11-09 13:56","99.69"
"2017-11-09 14:06","99.68"
"2017-11-09 14:16","99.65"
"2017-11-09 14:26","99.65"
"2017-11-09 14:36","99.62"
"2017-11-09 14:46","99.62"
"2017-11-09 14:56","99.60"
"2017-11-09 15:06","99.59"
"2017-11-09 15:16","99.56"
"2017-11-09 15:26","99.54"
"2017-11-09 15:36","99.52"
"2017-11-09 15:46","99.50"
"2017-11-09 15:56","99.48"
"2017-11-09 16:06","99.47"
"2017-11-09 16:16","99.44"
"2017-11-09 16:26","99.41"
"2017-11-09 16:36","99.39"
"2017-11-09 16:46","99.38"
"2017-11-09 16:56","99.33"
"2017-11-09 17:06","99.32"
"2017-11-09 17:16","99.28"
"2017-11-09 17:26","99.28"
"2017-11-09 17:36","99.26"
"2017-11-09 17:46","99.24"
"2017-11-09 17:56","99.22"
"2017-11-09 18:06","99.21"
"2017-11-09 18:16","99.18"
"2017-11-09 18:26","99.18"
"2017-11-09 18:36","99.16"
"2017-11-09 18:46","99.17"
"2017-11-09 18:56","99.21"
"2017-11-09 19:06","99.20"
"2017-11-09 19:16","99.16"
"2017-11-09 19:26","99.15"
"2017-11-09 19:36","99.12"
"2017-11-09 19:46","99.11"
"2017-11-09 19:56","99.08"
"2017-11-09 20:06","99.07"
"2017-11-09 20:16","99.07"
"2017-11-09 20:26","99.05"
"2017-11-09 20:36","99.04"
"2017-11-09 20:46","99.02"
"2017-11-09 20:56","99.04"
"2017-11-09 21:06","99.10"
"2017-11-09 21:16","99.19"
"2017-11-09 21:26","99.18"
"2017-11-09 21:36","99.22"
"2017-11-09 21:46","99.21"
"2017-11-09 21:56","99.26"
"2017-11-09 22:06","99.30"
"2017-11-09 22:16","99.32"
"2017-11-09 22:26","99.32"
"2017-11-09 22:36","99.36"
"2017-11-09 22:46","99.37"
"2017-11-09 22:56","99.43"
"2017-11-09 23:06","99.42"
"2017-11-09 23:16","99.51"
"2017-11-09 23:26","99.54"
"2017-11-09 23:36","99.59"
"2017-11-09 23:46","99.61"
"2017-11-09 23:56","99.67"
"2017-11-10 00:06","99.69"
"2017-11-10 00:16","99.73"
"2017-11-10 00:26","99.73"
"2017-11-10 00:36","99.78"
"2017-11-10 00:46","99.80"
"2017-11-10 00:56","99.84"
"2017-11-10 01:06","99.86"
"2017-11-10 01:16","99.89"
"2017-11-10 01:26","99.89"
"2017-11-10 01:36","99.95"
"2017-11-10 01:46","99.97"
"2017-11-10 01:56","100.01"
"2017-11-10 02:06","100.02"
"2017-11-10 02:16","100.04"
"2017-11-10 02:26","100.06"
"2017-11-10 02:36","100.11"
"2017-11-10 02:46","100.12"
"2017-11-10 02:56","100.17"
"2017-11-10 03:06","100.21"
"2017-11-10 03:16","100.25"
"2017-11-10 03:26","100.26"
"2017-11-10 03:36","100.32"
"2017-11-10 03:46","100.33"
"2017-11-10 03:56","100.36"
"2017-11-10 04:06","100.38"
"2017-11-10 04:16","100.43"
"2017-11-10 04:26","100.44"
"2017-11-10 04:36","100.51"
"2017-11-10 04:46","100.53"
"2017-11-10 04:56","100.56"
"2017-11-10 05:06","100.58"
"2017-11-10 05:16","100.60"
"2017-11-10 05:26","100.62"
"2017-11-10 05:36","100.65"
"2017-11-10 05:46","100.66"
"2017-11-10 05:56","100.68"
"2017-11-10 06:06","100.70"
"2017-11-10 06:16","100.72"
"2017-11-10 06:26","100.76"
"2017-11-10 06:36","100.80"
"2017-11-10 06:46","100.82"
"2017-11-10 06:56","100.88"
"2017-11-10 07:06","100.90"
"2017-11-10 07:16","100.94"
"2017-11-10 07:26","100.95"
"2017-11-10 07:36","100.99"
"2017-11-10 07:46","101.00"
"2017-11-10 07:56","101.05"
"2017-11-10 08:06","101.06"
"2017-11-10 08:16","101.09"
"2017-11-10 08:26","101.10"
"2017-11-10 08:36","101.12"
"2017-11-10 08:46","101.14"
"2017-11-10 08:56","101.16"
"2017-11-10 09:06","101.15"
"2017-11-10 09:16","101.18"
"2017-11-10 09:26","101.19"
"2017-11-10 09:36","101.20"
"2017-11-10 09:46","101.22"
"2017-11-10 09:56","101.25"
"2017-11-10 10:06","101.25"
"2017-11-10 10:16","101.26"
"2017-11-10 10:26","101.25"
"2017-11-10 10:36","101.28"
"2017-11-10 10:46","101.29"
"2017-11-10 10:56","101.30"
"2017-11-10 11:06","101.29"
"2017-11-10 11:16","101.28"
"2017-11-10 11:26","101.28"
"2017-11-10 11:36","101.28"
"2017-11-10 11:46","101.28"
"2017-11-10 11:56","101.28"
"2017-11-10 12:06","101.26"
"2017-11-10 12:16","101.26"
"2017-11-10 12:26","101.27"
"2017-11-10 12:36","101.27"
"2017-11-10 12:46","101.28"
"2017-11-10 12:56","101.28"
"2017-11-10 13:06","101.28"
"2017-11-10 13:16","101.27"
"2017-11-10 13:26","101.26"
"2017-11-10 13:36","101.27"
"2017-11-10 13:46","101.28"
"2017-11-10 13:56","101.28"
"2017-11-10 14:06","101.27"
"2017-11-10 14:16","101.28"
"2017-11-10 14:26","101.28"
"2017-11-10 14:36","101.28"
"2017-11-10 14:46","101.29"
"2017-11-10 14:56","101.30"
"2017-11-10 15:06","101.31"
"2017-11-10 15:16","101.33"
"2017-11-10 15:26","101.34"
"2017-11-10 15:36","101.35"
"2017-11-10 15:46","101.36"
"2017-11-10 15:56","101.37"
"2017-11-10 16:06","101.38"
"2017-11-10 16:16","101.41"
"2017-11-10 16:26","101.42"
"2017-11-10 16:36","101.44"
"2017-11-10 16:46","101.44"
"2017-11-10 16:56","101.47"
"2017-11-10 17:06","101.48"
"2017-11-10 17:16","101.51"
"2017-11-10 17:26","101.51"
"2017-11-10 17:36","101.54"
"2017-11-10 17:46","101.54"
"2017-11-10 17:56","101.57"
"2017-11-10 18:06","101.58"
"2017-11-10 18:16","101.59"
"2017-11-10 18:26","101.62"
"2017-11-10 18:36","101.62"
"2017-11-10 18:46","101.64"
"2017-11-10 18:56","101.65"
"2017-11-10 19:06","101.65"
"2017-11-10 19:16","101.68"
"2017-11-10 19:26","101.70"
"2017-11-10 19:36","101.71"
"2017-11-10 19:46","101.71"
"2017-11-10 19:56","101.71"
"2017-11-10 20:06","101.71"
"2017-11-10 20:16","101.71"
"2017-11-10 20:26","101.71"
"2017-11-10 20:36","101.73"
"2017-11-10 20:46","101.73"
"2017-11-10 20:56","101.75"
"2017-11-10 21:06","101.77"
"2017-11-10 21:16","101.76"
"2017-11-10 21:26","101.78"
"2017-11-10 21:36","101.79"
"2017-11-10 21:46","101.78"
"2017-11-10 21:56","101.81"
"2017-11-10 22:06","101.82"
"2017-11-10 22:16","101.82"
"2017-11-10 22:26","101.83"
"2017-11-10 22:36","101.82"
"2017-11-10 22:47","101.82"
"2017-11-10 22:56","101.83"
"2017-11-10 23:06","101.84"
"2017-11-10 23:16","101.85"
"2017-11-10 23:26","101.86"
"2017-11-10 23:36","101.86"
"2017-11-10 23:46","101.86"
"2017-11-10 23:56","101.87"
"2017-11-11 00:06","101.88"
"2017-11-11 00:16","101.87"
"2017-11-11 00:26","101.87"
"2017-11-11 00:36","101.90"
"2017-11-11 00:46","101.91"
"2017-11-11 00:56","101.90"
"2017-11-11 01:06","101.91"
"2017-11-11 01:16","101.92"
"2017-11-11 01:26","101.93"
"2017-11-11 01:36","101.94"
"2017-11-11 01:46","101.94"
"2017-11-11 01:56","101.96"
"2017-11-11 02:06","101.95"
"2017-11-11 02:16","101.97"
"2017-11-11 02:26","101.99"
"2017-11-11 02:36","102.00"
"2017-11-11 02:46","102.02"
"2017-11-11 02:56","102.01"
"2017-11-11 03:06","102.03"
"2017-11-11 03:16","102.03"
"2017-11-11 03:27","102.06"
"2017-11-11 03:36","102.07"
"2017-11-11 03:46","102.07"
"2017-11-11 03:56","102.07"
"2017-11-11 04:06","102.07"
"2017-11-11 04:16","102.07"
"2017-11-11 04:26","102.08"
"2017-11-11 04:36","102.10"
"2017-11-11 04:46","102.11"
"2017-11-11 04:56","102.10"
"2017-11-11 05:06","102.10"
"2017-11-11 05:16","102.10"
"2017-11-11 05:26","102.11"
"2017-11-11 05:36","102.11"
"2017-11-11 05:46","102.10"
"2017-11-11 05:56","102.13"
"2017-11-11 06:06","102.13"
"2017-11-11 06:16","102.14"
"2017-11-11 06:26","102.14"
"2017-11-11 06:36","102.14"
"2017-11-11 06:46","102.14"
"2017-11-11 06:56","102.14"
"2017-11-11 07:06","102.16"
"2017-11-11 07:16","102.16"
"2017-11-11 07:26","102.18"
"2017-11-11 07:36","102.20"
"2017-11-11 07:46","102.19"
"2017-11-11 07:56","102.20"
"2017-11-11 08:06","102.21"
"2017-11-11 08:16","102.21"
"2017-11-11 08:26","102.21"
"2017-11-11 08:36","102.21"
"2017-11-11 08:46","102.21"
"2017-11-11 08:56","102.22"
"2017-11-11 09:06","102.23"
"2017-11-11 09:16","102.26"
"2017-11-11 09:26","102.24"
"2017-11-11 09:36","102.24"
"2017-11-11 09:46","102.25"
"2017-11-11 09:56","102.24"
"2017-11-11 10:06","102.25"
"2017-11-11 10:16","102.23"
"2017-11-11 10:26","102.22"
"2017-11-11 10:36","102.18"
"2017-11-11 10:46","102.16"
"2017-11-11 10:56","102.15"
"2017-11-11 11:06","102.15"
"2017-11-11 11:16","102.11"
"2017-11-11 11:26","102.10"
"2017-11-11 11:36","102.07"
"2017-11-11 11:46","102.07"
"2017-11-11 11:56","102.05"
"2017-11-11 12:06","102.03"
"2017-11-11 12:16","102.02"
"2017-11-11 12:26","102.01"
"2017-11-11 12:36","101.99"
"2017-11-11 12:46","101.99"
"2017-11-11 12:56","101.96"
"2017-11-11 13:06","101.95"
"2017-11-11 13:16","101.91"
"2017-11-11 13:26","101.89"
"2017-11-11 13:36","101.88"
"2017-11-11 13:46","101.87"
"2017-11-11 13:56","101.86"
"2017-11-11 14:06","101.85"
"2017-11-11 14:16","101.85"
"2017-11-11 14:26","101.84"
"2017-11-11 14:36","101.81"
"2017-11-11 14:46","101.81"
"2017-11-11 14:56","101.81"
"2017-11-11 15:06","101.80"
"2017-11-11 15:16","101.79"
"2017-11-11 15:26","101.79"
"2017-11-11 15:36","101.81"
"2017-11-11 15:46","101.81"
"2017-11-11 15:56","101.80"
"2017-11-11 16:06","101.78"
"2017-11-11 16:16","101.79"
"2017-11-11 16:26","101.79"
"2017-11-11 16:36","101.78"
"2017-11-11 16:46","101.78"
"2017-11-11 16:56","101.75"
"2017-11-11 17:06","101.76"
"2017-11-11 17:16","101.74"
"2017-11-11 17:26","101.73"
"2017-11-11 17:36","101.71"
"2017-11-11 17:46","101.73"
"2017-11-11 17:56","101.72"
"2017-11-11 18:06","101.71"
"2017-11-11 18:16","101.72"
"2017-11-11 18:26","101.72"
"2017-11-11 18:36","101.71"
"2017-11-11 18:46","101.71"
"2017-11-11 18:56","101.70"
"2017-11-11 19:06","101.69"
"2017-11-11 19:16","101.67"
"2017-11-11 19:26","101.64"
"2017-11-11 19:36","101.65"
"2017-11-11 19:46","101.64"
"2017-11-11 19:56","101.65"
"2017-11-11 20:06","101.67"
"2017-11-11 20:16","101.66"
"2017-11-11 20:26","101.65"
"2017-11-11 20:36","101.64"
"2017-11-11 20:46","101.63"
"2017-11-11 20:56","101.61"
"2017-11-11 21:06","101.61"
"2017-11-11 21:16","101.60"
"2017-11-11 21:26","101.59"
"2017-11-11 21:36","101.58"
"2017-11-11 21:46","101.58"
"2017-11-11 21:56","101.57"
"2017-11-11 22:06","101.55"
"2017-11-11 22:16","101.53"
"2017-11-11 22:26","101.52"
"2017-11-11 22:36","101.52"
"2017-11-11 22:46","101.52"
"2017-11-11 22:56","101.50"
"2017-11-11 23:06","101.50"
"2017-11-11 23:16","101.49"
"2017-11-11 23:26","101.49"
"2017-11-11 23:36","101.48"
"2017-11-11 23:46","101.47"
"2017-11-11 23:56","101.46"
"2017-11-12 00:07","101.45"
"2017-11-12 00:16","101.43"
"2017-11-12 00:26","101.41"
"2017-11-12 00:36","101.39"
"2017-11-12 00:46","101.39"
"2017-11-12 00:56","101.38"
"2017-11-12 01:07","101.38"
"2017-11-12 01:16","101.39"
"2017-11-12 01:26","101.39"
"2017-11-12 01:36","101.39"
"2017-11-12 01:46","101.40"
"2017-11-12 01:56","101.41"
"2017-11-12 02:06","101.41"
"2017-11-12 02:16","101.40"
"2017-11-12 02:26","101.40"
"2017-11-12 02:36","101.39"
"2017-11-12 02:46","101.38"
"2017-11-12 02:56","101.38"
"2017-11-12 03:07","101.39"
"2017-11-12 03:16","101.37"
"2017-11-12 03:26","101.36"
"2017-11-12 03:36","101.36"
"2017-11-12 03:46","101.36"
"2017-11-12 03:56","101.37"
"2017-11-12 04:06","101.36"
"2017-11-12 04:16","101.36"
"2017-11-12 04:26","101.35"
"2017-11-12 04:36","101.37"
"2017-11-12 04:46","101.37"
"2017-11-12 04:56","101.37"
"2017-11-12 05:06","101.37"
"2017-11-12 05:16","101.38"
"2017-11-12 05:26","101.38"
"2017-11-12 05:36","101.38"
"2017-11-12 05:46","101.38"
"2017-11-12 05:56","101.36"
"2017-11-12 06:06","101.36"
"2017-11-12 06:16","101.37"
"2017-11-12 06:26","101.38"
"2017-11-12 06:36","101.36"
"2017-11-12 06:46","101.36"
"2017-11-12 06:56","101.39"
"2017-11-12 07:06","101.39"
"2017-11-12 07:16","101.38"
"2017-11-12 07:26","101.39"
"2017-11-12 07:36","101.39"
"2017-11-12 07:46","101.40"
"2017-11-12 07:56","101.40"
"2017-11-12 08:06","101.42"
"2017-11-12 08:16","101.42"
"2017-11-12 08:26","101.41"
"2017-11-12 08:36","101.42"
"2017-11-12 08:46","101.42"
"2017-11-12 08:56","101.42"
"2017-11-12 09:06","101.43"
"2017-11-12 09:16","101.40"
"2017-11-12 09:26","101.41"
"2017-11-12 09:36","101.40"
"2017-11-12 09:46","101.40"
"2017-11-12 09:56","101.40"
"2017-11-12 10:06","101.40"
"2017-11-12 10:16","101.41"
"2017-11-12 10:26","101.40"
"2017-11-12 10:36","101.40"
"2017-11-12 10:46","101.41"
"2017-11-12 10:56","101.38"
"2017-11-12 11:06","101.39"
"2017-11-12 11:16","101.37"
"2017-11-12 11:26","101.37"
"2017-11-12 11:36","101.35"
"2017-11-12 11:46","101.34"
"2017-11-12 11:56","101.33"
"2017-11-12 12:06","101.33"
"2017-11-12 12:16","101.33"
"2017-11-12 12:26","101.33"
"2017-11-12 12:36","101.31"
"2017-11-12 12:46","101.31"
"2017-11-12 12:56","101.31"
"2017-11-12 13:06","101.30"
"2017-11-12 13:16","101.30"
"2017-11-12 13:26","101.30"
"2017-11-12 13:36","101.30"
"2017-11-12 13:46","101.29"
"2017-11-12 13:56","101.29"
"2017-11-12 14:06","101.30"
"2017-11-12 14:16","101.30"
"2017-11-12 14:26","101.30"
"2017-11-12 14:36","101.31"
"2017-11-12 14:46","101.31"
"2017-11-12 14:56","101.32"
"2017-11-12 15:06","101.33"
"2017-11-12 15:16","101.33"
"2017-11-12 15:26","101.33"
"2017-11-12 15:36","101.33"
"2017-11-12 15:46","101.33"
"2017-11-12 15:56","101.33"
"2017-11-12 16:06","101.34"
"2017-11-12 16:16","101.35"
"2017-11-12 16:26","101.34"
"2017-11-12 16:36","101.35"
"2017-11-12 16:46","101.35"
"2017-11-12 16:56","101.35"
"2017-11-12 17:06","101.36"
"2017-11-12 17:16","101.37"
"2017-11-12 17:26","101.38"
"2017-11-12 17:36","101.38"
"2017-11-12 17:46","101.39"
"2017-11-12 17:56","101.39"
"2017-11-12 18:06","101.39"
"2017-11-12 18:16","101.40"
"2017-11-12 18:26","101.40"
"2017-11-12 18:36","101.40"
"2017-11-12 18:46","101.40"
"2017-11-12 18:56","101.38"
"2017-11-12 19:06","101.40"
"2017-11-12 19:16","101.39"
"2017-11-12 19:26","101.39"
"2017-11-12 19:36","101.40"
"2017-11-12 19:46","101.39"
"2017-11-12 19:56","101.39"
"2017-11-12 20:06","101.39"
"2017-11-12 20:16","101.40"
"2017-11-12 20:26","101.40"
"2017-11-12 20:36","101.39"
"2017-11-12 20:46","101.39"
"2017-11-12 20:56","101.40"
"2017-11-12 21:06","101.40"
"2017-11-12 21:16","101.39"
"2017-11-12 21:26","101.39"
"2017-11-12 21:36","101.39"
"2017-11-12 21:46","101.37"
"2017-11-12 21:56","101.38"
"2017-11-12 22:06","101.36"
"2017-11-12 22:16","101.36"
"2017-11-12 22:26","101.36"
"2017-11-12 22:36","101.36"
"2017-11-12 22:46","101.35"
"2017-11-12 22:56","101.35"
"2017-11-12 23:06","101.36"
"2017-11-12 23:16","101.36"
"2017-11-12 23:26","101.35"
"2017-11-12 23:36","101.35"
"2017-11-12 23:46","101.34"
"2017-11-12 23:56","101.33"
"2017-11-13 00:06","101.33"
"2017-11-13 00:16","101.33"
"2017-11-13 00:26","101.32"
"2017-11-13 00:36","101.30"
"2017-11-13 00:46","101.30"
"2017-11-13 00:56","101.29"
"2017-11-13 01:06","101.29"
"2017-11-13 01:16","101.31"
"2017-11-13 01:26","101.31"
"2017-11-13 01:36","101.28"
"2017-11-13 01:46","101.29"
"2017-11-13 01:56","101.29"
"2017-11-13 02:06","101.30"
"2017-11-13 02:16","101.31"
"2017-11-13 02:26","101.30"
"2017-11-13 02:36","101.29"
"2017-11-13 02:46","101.30"
"2017-11-13 02:56","101.30"
"2017-11-13 03:06","101.29"
"2017-11-13 03:16","101.30"
"2017-11-13 03:26","101.29"
"2017-11-13 03:36","101.29"
"2017-11-13 03:46","101.30"
"2017-11-13 03:56","101.29"
"2017-11-13 04:06","101.30"
"2017-11-13 04:16","101.29"
"2017-11-13 04:26","101.28"
"2017-11-13 04:36","101.28"
"2017-11-13 04:46","101.27"
"2017-11-13 04:56","101.27"
"2017-11-13 05:06","101.28"
"2017-11-13 05:16","101.28"
"2017-11-13 05:26","101.27"
"2017-11-13 05:36","101.28"
"2017-11-13 05:46","101.27"
"2017-11-13 05:56","101.28"
"2017-11-13 06:06","101.29"
"2017-11-13 06:16","101.31"
"2017-11-13 06:26","101.32"
"2017-11-13 06:36","101.32"
"2017-11-13 06:46","101.31"
"2017-11-13 06:56","101.31"
"2017-11-13 07:06","101.33"
"2017-11-13 07:16","101.35"
"2017-11-13 07:26","101.35"
"2017-11-13 07:36","101.34"
"2017-11-13 07:46","101.34"
"2017-11-13 07:56","101.35"
"2017-11-13 08:06","101.35"
"2017-11-13 08:16","101.35"
"2017-11-13 08:26","101.36"
"2017-11-13 08:36","101.36"
"2017-11-13 08:46","101.36"
"2017-11-13 08:56","101.35"
"2017-11-13 09:06","101.34"
"2017-11-13 09:16","101.35"
"2017-11-13 09:26","101.36"
"2017-11-13 09:36","101.34"
"2017-11-13 09:46","101.35"
"2017-11-13 09:56","101.34"
"2017-11-13 10:06","101.34"
"2017-11-13 10:16","101.36"
"2017-11-13 10:26","101.37"
"2017-11-13 10:36","101.38"
"2017-11-13 10:46","101.37"
"2017-11-13 10:56","101.36"
"2017-11-13 11:06","101.35"
"2017-11-13 11:16","101.36"
"2017-11-13 11:26","101.36"
"2017-11-13 11:36","101.35"
"2017-11-13 11:46","101.34"
"2017-11-13 11:56","101.32"
"2017-11-13 12:06","101.31"
"2017-11-13 12:16","101.29"
"2017-11-13 12:26","101.30"
"2017-11-13 12:36","101.29"
"2017-11-13 12:46","101.27"
"2017-11-13 12:56","101.26"
"2017-11-13 13:06","101.27"
"2017-11-13 13:16","101.26"
"2017-11-13 13:26","101.25"
"2017-11-13 13:36","101.26"
"2017-11-13 13:46","101.25"
"2017-11-13 13:56","101.26"
"2017-11-13 14:06","101.26"
"2017-11-13 14:16","101.25"
"2017-11-13 14:26","101.25"
"2017-11-13 14:36","101.25"
"2017-11-13 14:46","101.26"
"2017-11-13 14:56","101.26"
"2017-11-13 15:06","101.26"
"2017-11-13 15:16","101.28"
"2017-11-13 15:26","101.27"
"2017-11-13 15:36","101.30"
"2017-11-13 15:46","101.30"
"2017-11-13 15:56","101.28"
"2017-11-13 16:06","101.29"
"2017-11-13 16:16","101.30"
"2017-11-13 16:26","101.30"
"2017-11-13 16:36","101.31"
"2017-11-13 16:46","101.32"
"2017-11-13 16:56","101.31"
"2017-11-13 17:06","101.30"
"2017-11-13 17:16","101.32"
"2017-11-13 17:26","101.33"
"2017-11-13 17:36","101.32"
"2017-11-13 17:46","101.33"
"2017-11-13 17:56","101.34"
"2017-11-13 18:06","101.34"
"2017-11-13 18:16","101.34"
"2017-11-13 18:26","101.33"
"2017-11-13 18:36","101.32"
"2017-11-13 18:46","101.32"
"2017-11-13 18:56","101.34"
"2017-11-13 19:06","101.35"
"2017-11-13 19:16","101.36"
"2017-11-13 19:26","101.37"
"2017-11-13 19:36","101.36"
"2017-11-13 19:46","101.35"
"2017-11-13 19:56","101.35"
"2017-11-13 20:06","101.35"
"2017-11-13 20:16","101.35"
"2017-11-13 20:26","101.34"
"2017-11-13 20:36","101.32"
"2017-11-13 20:46","101.33"
"2017-11-13 20:56","101.33"
"2017-11-13 21:06","101.33"
"2017-11-13 21:16","101.32"
"2017-11-13 21:26","101.33"
"2017-11-13 21:36","101.33"
"2017-11-13 21:46","101.32"
"2017-11-13 21:56","101.32"
"2017-11-13 22:06","101.32"
"2017-11-13 22:16","101.31"
"2017-11-13 22:26","101.31"
"2017-11-13 22:36","101.30"
"2017-11-13 22:46","101.31"
"2017-11-13 22:56","101.31"
"2017-11-13 23:06","101.31"
"2017-11-13 23:16","101.31"
"2017-11-13 23:26","101.30"
"2017-11-13 23:36","101.30"
"2017-11-13 23:46","101.30"
"2017-11-13 23:56","101.29"
"2017-11-14 00:06","101.29"
"2017-11-14 00:16","101.29"
"2017-11-14 00:26","101.30"
"2017-11-14 00:36","101.30"
"2017-11-14 00:46","101.29"
"2017-11-14 00:56","101.29"
"2017-11-14 01:06","101.29"
"2017-11-14 01:16","101.28"
"2017-11-14 01:26","101.28"
"2017-11-14 01:36","101.28"
"2017-11-14 01:46","101.28"
"2017-11-14 01:56","101.30"
"2017-11-14 02:06","101.29"
"2017-11-14 02:16","101.30"
"2017-11-14 02:26","101.29"
"2017-11-14 02:36","101.28"
"2017-11-14 02:46","101.30"
"2017-11-14 02:56","101.29"
"2017-11-14 03:06","101.29"
"2017-11-14 03:16","101.28"
"2017-11-14 03:26","101.29"
"2017-11-14 03:36","101.26"
"2017-11-14 03:46","101.26"
"2017-11-14 03:56","101.26"
"2017-11-14 04:06","101.27"
"2017-11-14 04:16","101.30"
"2017-11-14 04:26","101.29"
"2017-11-14 04:36","101.30"
"2017-11-14 04:46","101.29"
"2017-11-14 04:56","101.31"
"2017-11-14 05:06","101.32"
"2017-11-14 05:16","101.30"
"2017-11-14 05:26","101.31"
"2017-11-14 05:36","101.31"
"2017-11-14 05:46","101.30"
"2017-11-14 05:56","101.29"
"2017-11-14 06:06","101.28"
"2017-11-14 06:16","101.29"
"2017-11-14 06:26","101.30"
"2017-11-14 06:36","101.30"
"2017-11-14 06:46","101.30"
"2017-11-14 06:56","101.31"
"2017-11-14 07:06","101.31"
"2017-11-14 07:16","101.33"
"2017-11-14 07:26","101.34"
"2017-11-14 07:36","101.35"
"2017-11-14 07:46","101.35"
"2017-11-14 07:56","101.35"
"2017-11-14 08:06","101.36"
"2017-11-14 08:16","101.37"
"2017-11-14 08:26","101.37"
"2017-11-14 08:36","101.37"
"2017-11-14 08:46","101.37"
"2017-11-14 08:56","101.36"
"2017-11-14 09:06","101.37"
"2017-11-14 09:16","101.36"
"2017-11-14 09:26","101.36"
"2017-11-14 09:36","101.36"
"2017-11-14 09:46","101.35"
"2017-11-14 09:56","101.36"
"2017-11-14 10:06","101.37"
"2017-11-14 10:16","101.36"
"2017-11-14 10:26","101.36"
"2017-11-14 10:36","101.36"
"2017-11-14 10:46","101.36"
"2017-11-14 10:56","101.33"
"2017-11-14 11:06","101.33"
"2017-11-14 11:16","101.31"
"2017-11-14 11:26","101.31"
"2017-11-14 11:36","101.29"
"2017-11-14 11:46","101.29"
"2017-11-14 11:56","101.27"
"2017-11-14 12:06","101.26"
"2017-11-14 12:16","101.26"
"2017-11-14 12:26","101.24"
"2017-11-14 12:36","101.25"
"2017-11-14 12:46","101.23"
"2017-11-14 12:56","101.22"
"2017-11-14 13:06","101.23"
"2017-11-14 13:16","101.21"
"2017-11-14 13:26","101.22"
"2017-11-14 13:36","101.21"
"2017-11-14 13:46","101.21"
"2017-11-14 13:56","101.20"
"2017-11-14 14:06","101.21"
"2017-11-14 14:16","101.19"
"2017-11-14 14:26","101.18"
"2017-11-14 14:36","101.18"
"2017-11-14 14:46","101.19"
"2017-11-14 14:56","101.18"
"2017-11-14 15:06","101.18"
"2017-11-14 15:16","101.20"
"2017-11-14 15:26","101.19"
"2017-11-14 15:36","101.19"
"2017-11-14 15:46","101.20"
"2017-11-14 15:56","101.20"
"2017-11-14 16:06","101.20"
"2017-11-14 16:16","101.21"
"2017-11-14 16:26","101.22"
"2017-11-14 16:36","101.20"
"2017-11-14 16:46","101.21"
"2017-11-14 16:56","101.20"
"2017-11-14 17:06","101.21"
"2017-11-14 17:16","101.21"
"2017-11-14 17:26","101.21"
"2017-11-14 17:36","101.20"
"2017-11-14 17:46","101.21"
"2017-11-14 17:56","101.21"
"2017-11-14 18:06","101.20"
"2017-11-14 18:16","101.19"
"2017-11-14 18:26","101.19"
"2017-11-14 18:36","101.19"
"2017-11-14 18:46","101.18"
"2017-11-14 18:56","101.18"
"2017-11-14 19:06","101.17"
"2017-11-14 19:16","101.15"
"2017-11-14 19:26","101.15"
"2017-11-14 19:36","101.14"
"2017-11-14 19:46","101.14"
"2017-11-14 19:56","101.14"
"2017-11-14 20:06","101.14"
"2017-11-14 20:16","101.13"
"2017-11-14 20:26","101.13"
"2017-11-14 20:36","101.12"
"2017-11-14 20:46","101.12"
"2017-11-14 20:56","101.13"
"2017-11-14 21:06","101.12"
"2017-11-14 21:16","101.11"
"2017-11-14 21:26","101.11"
"2017-11-14 21:36","101.12"
"2017-11-14 21:46","101.11"
"2017-11-14 21:56","101.11"
"2017-11-14 22:06","101.11"
"2017-11-14 22:16","101.10"
"2017-11-14 22:26","101.09"
"2017-11-14 22:36","101.08"
"2017-11-14 22:46","101.08"
"2017-11-14 22:56","101.08"
"2017-11-14 23:06","101.07"
"2017-11-14 23:16","101.07"
"2017-11-14 23:26","101.07"
"2017-11-14 23:36","101.09"
"2017-11-14 23:46","101.09"
"2017-11-14 23:56","101.09"
"2017-11-15 00:06","101.08"
"2017-11-15 00:16","101.08"
"2017-11-15 00:26","101.08"
"2017-11-15 00:36","101.07"
"2017-11-15 00:46","101.06"
"2017-11-15 00:56","101.07"
"2017-11-15 01:06","101.07"
"2017-11-15 01:16","101.06"
"2017-11-15 01:26","101.06"
"2017-11-15 01:36","101.05"
"2017-11-15 01:46","101.05"
"2017-11-15 01:56","101.05"
"2017-11-15 02:06","101.05"
"2017-11-15 02:16","101.05"
"2017-11-15 02:26","101.05"
"2017-11-15 02:36","101.06"
"2017-11-15 02:46","101.05"
"2017-11-15 02:56","101.04"
"2017-11-15 03:06","101.03"
"2017-11-15 03:16","101.01"
"2017-11-15 03:26","101.01"
"2017-11-15 03:36","100.99"
"2017-11-15 03:46","100.98"
"2017-11-15 03:56","100.97"
"2017-11-15 04:06","100.98"
"2017-11-15 04:16","100.95"
"2017-11-15 04:26","100.95"
"2017-11-15 04:36","100.97"
"2017-11-15 04:46","100.98"
"2017-11-15 04:56","100.98"
"2017-11-15 05:06","100.98"
"2017-11-15 05:16","100.98"
"2017-11-15 05:26","100.98"
"2017-11-15 05:36","100.97"
"2017-11-15 05:46","100.96"
"2017-11-15 05:56","100.98"
"2017-11-15 06:06","100.97"
"2017-11-15 06:16","100.96"
"2017-11-15 06:26","100.96"
"2017-11-15 06:36","100.94"
"2017-11-15 06:46","100.94"
"2017-11-15 06:56","100.93"
"2017-11-15 07:06","100.93"
"2017-11-15 07:16","100.93"
"2017-11-15 07:26","100.91"
"2017-11-15 07:36","100.90"
"2017-11-15 07:46","100.90"
"2017-11-15 07:56","100.88"
"2017-11-15 08:06","100.88"
"2017-11-15 08:16","100.87"
"2017-11-15 08:26","100.87"
"2017-11-15 08:36","100.85"
"2017-11-15 08:46","100.85"
"2017-11-15 08:56","100.83"
"2017-11-15 09:06","100.82"
"2017-11-15 09:16","100.81"
"2017-11-15 09:26","100.81"
"2017-11-15 09:36","100.82"
"2017-11-15 09:46","100.82"
"2017-11-15 09:56","100.78"
"2017-11-15 10:06","100.78"
"2017-11-15 10:16","100.76"
"2017-11-15 10:26","100.75"
"2017-11-15 10:36","100.72"
"2017-11-15 10:46","100.70"
"2017-11-15 10:56","100.67"
"2017-11-15 11:06","100.66"
"2017-11-15 11:16","100.61"
"2017-11-15 11:26","100.61"
"2017-11-15 11:36","100.59"
"2017-11-15 11:46","100.56"
"2017-11-15 11:56","100.50"
"2017-11-15 12:06","100.48"
"2017-11-15 12:16","100.46"
"2017-11-15 12:26","100.45"
"2017-11-15 12:36","100.41"
"2017-11-15 12:46","100.40"
"2017-11-15 12:56","100.38"
"2017-11-15 13:06","100.36"
"2017-11-15 13:16","100.34"
"2017-11-15 13:26","100.33"
"2017-11-15 13:36","100.32"
"2017-11-15 13:46","100.32"
"2017-11-15 13:56","100.32"
"2017-11-15 14:06","100.32"
"2017-11-15 14:16","100.32"
"2017-11-15 14:26","100.30"
"2017-11-15 14:36","100.27"
"2017-11-15 14:46","100.26"
"2017-11-15 14:56","100.23"
"2017-11-15 15:06","100.23"
"2017-11-15 15:16","100.22"
"2017-11-15 15:26","100.21"
"2017-11-15 15:36","100.22"
"2017-11-15 15:46","100.22"
"2017-11-15 15:56","100.19"
"2017-11-15 16:06","100.18"
"2017-11-15 16:16","100.13"
"2017-11-15 16:26","100.11"
"2017-11-15 16:36","100.09"
"2017-11-15 16:46","100.06"
"2017-11-15 16:56","100.04"
"2017-11-15 17:06","100.05"
"2017-11-15 17:16","100.02"
"2017-11-15 17:26","100.02"
"2017-11-15 17:36","99.99"
"2017-11-15 17:46","99.99"
"2017-11-15 17:56","99.98"
"2017-11-15 18:06","99.95"
"2017-11-15 18:16","99.92"
"2017-11-15 18:26","99.93"
"2017-11-15 18:36","99.94"
"2017-11-15 18:46","99.94"
"2017-11-15 18:56","99.86"
"2017-11-15 19:06","99.82"
"2017-11-15 19:16","99.81"
"2017-11-15 19:26","99.82"
"2017-11-15 19:36","99.78"
"2017-11-15 19:46","99.75"
"2017-11-15 19:56","99.71"
"2017-11-15 20:06","99.71"
"2017-11-15 20:16","99.68"
"2017-11-15 20:26","99.66"
"2017-11-15 20:36","99.62"
"2017-11-15 20:46","99.60"
"2017-11-15 20:56","99.57"
"2017-11-15 21:06","99.56"
"2017-11-15 21:16","99.54"
"2017-11-15 21:26","99.53"
"2017-11-15 21:36","99.54"
"2017-11-15 21:46","99.53"
"2017-11-15 21:56","99.52"
"2017-11-15 22:06","99.49"
"2017-11-15 22:16","99.47"
"2017-11-15 22:26","99.45"
"2017-11-15 22:36","99.40"
"2017-11-15 22:46","99.41"
"2017-11-15 22:56","99.36"
"2017-11-15 23:06","99.33"
"2017-11-15 23:16","99.33"
"2017-11-15 23:26","99.32"
"2017-11-15 23:36","99.30"
"2017-11-15 23:46","99.30"
"2017-11-15 23:56","99.25"
"2017-11-16 00:06","99.24"
"2017-11-16 00:16","99.21"
"2017-11-16 00:26","99.20"
"2017-11-16 00:36","99.19"
"2017-11-16 00:46","99.19"
"2017-11-16 00:56","99.17"
"2017-11-16 01:06","99.15"
"2017-11-16 01:16","99.11"
"2017-11-16 01:26","99.11"
"2017-11-16 01:36","99.10"
"2017-11-16 01:46","99.10"
"2017-11-16 01:56","99.07"
"2017-11-16 02:06","99.06"
"2017-11-16 02:16","99.04"
"2017-11-16 02:26","99.03"
"2017-11-16 02:36","98.99"
"2017-11-16 02:46","98.98"
"2017-11-16 02:56","98.95"
"2017-11-16 03:06","98.93"
"2017-11-16 03:16","98.91"
"2017-11-16 03:26","98.89"
"2017-11-16 03:36","98.87"
"2017-11-16 03:46","98.86"
"2017-11-16 03:56","98.84"
"2017-11-16 04:06","98.83"
"2017-11-16 04:16","98.82"
"2017-11-16 04:26","98.81"
"2017-11-16 04:36","98.79"
"2017-11-16 04:46","98.79"
"2017-11-16 04:56","98.78"
"2017-11-16 05:06","98.77"
"2017-11-16 05:16","98.74"
"2017-11-16 05:26","98.74"
"2017-11-16 05:36","98.73"
"2017-11-16 05:46","98.71"
"2017-11-16 05:56","98.70"
"2017-11-16 06:06","98.70"
"2017-11-16 06:16","98.71"
"2017-11-16 06:26","98.70"
"2017-11-16 06:36","98.70"
"2017-11-16 06:46","98.71"
"2017-11-16 06:56","98.71"
"2017-11-16 07:06","98.71"
"2017-11-16 07:16","98.70"
"2017-11-16 07:26","98.71"
"2017-11-16 07:36","98.72"
"2017-11-16 07:46","98.73"
"2017-11-16 07:56","98.75"
"2017-11-16 08:06","98.75"
"2017-11-16 08:16","98.75"
"2017-11-16 08:26","98.77"
"2017-11-16 08:36","98.77"
"2017-11-16 08:46","98.78"
"2017-11-16 08:56","98.79"
"2017-11-16 09:06","98.81"
"2017-11-16 09:16","98.80"
"2017-11-16 09:26","98.79"
"2017-11-16 09:36","98.81"
"2017-11-16 09:46","98.81"
"2017-11-16 09:56","98.82"
"2017-11-16 10:06","98.83"
"2017-11-16 10:16","98.83"
"2017-11-16 10:26","98.83"
"2017-11-16 10:36","98.85"
"2017-11-16 10:46","98.83"
"2017-11-16 10:56","98.84"
"2017-11-16 11:06","98.82"
"2017-11-16 11:16","98.82"
"2017-11-16 11:26","98.84"
"2017-11-16 11:36","98.82"
"2017-11-16 11:46","98.82"
"2017-11-16 11:56","98.80"
"2017-11-16 12:06","98.81"
"2017-11-16 12:16","98.78"
"2017-11-16 12:26","98.78"
"2017-11-16 12:36","98.78"
"2017-11-16 12:46","98.78"
"2017-11-16 12:56","98.79"
"2017-11-16 13:06","98.78"
"2017-11-16 13:16","98.78"
"2017-11-16 13:26","98.78"
"2017-11-16 13:36","98.78"
"2017-11-16 13:46","98.79"
"2017-11-16 13:56","98.80"
"2017-11-16 14:06","98.79"
"2017-11-16 14:16","98.80"
"2017-11-16 14:26","98.80"
"2017-11-16 14:36","98.82"
"2017-11-16 14:46","98.81"
"2017-11-16 14:56","98.83"
"2017-11-16 15:06","98.85"
"2017-11-16 15:16","98.85"
"2017-11-16 15:26","98.87"
"2017-11-16 15:36","98.92"
"2017-11-16 15:46","98.95"
"2017-11-16 15:56","98.97"
"2017-11-16 16:06","98.99"
"2017-11-16 16:16","99.03"
"2017-11-16 16:26","99.05"
"2017-11-16 16:36","99.07"
"2017-11-16 16:46","99.10"
"2017-11-16 16:56","99.13"
"2017-11-16 17:06","99.14"
"2017-11-16 17:16","99.18"
"2017-11-16 17:26","99.20"
"2017-11-16 17:36","99.25"
"2017-11-16 17:46","99.28"
"2017-11-16 17:56","99.31"
"2017-11-16 18:06","99.33"
"2017-11-16 18:16","99.37"
"2017-11-16 18:26","99.38"
"2017-11-16 18:36","99.40"
"2017-11-16 18:46","99.43"
"2017-11-16 18:56","99.46"
"2017-11-16 19:06","99.48"
"2017-11-16 19:16","99.50"
"2017-11-16 19:26","99.51"
"2017-11-16 19:36","99.53"
"2017-11-16 19:46","99.54"
"2017-11-16 19:56","99.58"
"2017-11-16 20:06","99.58"
"2017-11-16 20:16","99.61"
"2017-11-16 20:26","99.63"
"2017-11-16 20:36","99.66"
"2017-11-16 20:46","99.66"
"2017-11-16 20:56","99.71"
"2017-11-16 21:06","99.72"
"2017-11-16 21:16","99.74"
"2017-11-16 21:26","99.75"
"2017-11-16 21:36","99.77"
"2017-11-16 21:46","99.79"
"2017-11-16 21:56","99.83"
"2017-11-16 22:06","99.82"
"2017-11-16 22:16","99.84"
"2017-11-16 22:26","99.85"
"2017-11-16 22:36","99.86"
"2017-11-16 22:47","99.86"
"2017-11-16 22:56","99.89"
"2017-11-16 23:06","99.90"
"2017-11-16 23:16","99.92"
"2017-11-16 23:26","99.94"
"2017-11-16 23:36","99.96"
"2017-11-16 23:46","99.97"
"2017-11-16 23:56","99.99"
"2017-11-17 00:06","100.00"
"2017-11-17 00:16","100.01"
"2017-11-17 00:26","100.02"
"2017-11-17 00:36","100.04"
"2017-11-17 00:46","100.06"
"2017-11-17 00:56","100.07"
"2017-11-17 01:06","100.09"
"2017-11-17 01:16","100.12"
"2017-11-17 01:26","100.12"
"2017-11-17 01:36","100.12"
"2017-11-17 01:46","100.14"
"2017-11-17 01:56","100.15"
"2017-11-17 02:06","100.16"
"2017-11-17 02:16","100.19"
"2017-11-17 02:26","100.19"
"2017-11-17 02:36","100.22"
"2017-11-17 02:46","100.23"
"2017-11-17 02:56","100.26"
"2017-11-17 03:06","100.28"
"2017-11-17 03:16","100.28"
"2017-11-17 03:26","100.29"
"2017-11-17 03:36","100.30"
"2017-11-17 03:46","100.31"
"2017-11-17 03:56","100.33"
"2017-11-17 04:06","100.33"
"2017-11-17 04:16","100.36"
"2017-11-17 04:26","100.37"
"2017-11-17 04:36","100.41"
"2017-11-17 04:46","100.42"
"2017-11-17 04:56","100.46"
"2017-11-17 05:06","100.46"
"2017-11-17 05:16","100.48"
"2017-11-17 05:26","100.49"
"2017-11-17 05:36","100.51"
"2017-11-17 05:46","100.52"
"2017-11-17 05:56","100.52"
"2017-11-17 06:06","100.54"
"2017-11-17 06:16","100.55"
"2017-11-17 06:26","100.56"
"2017-11-17 06:36","100.58"
"2017-11-17 06:46","100.59"
"2017-11-17 06:56","100.61"
"2017-11-17 07:06","100.62"
"2017-11-17 07:16","100.63"
"2017-11-17 07:26","100.65"
"2017-11-17 07:36","100.66"
"2017-11-17 07:46","100.66"
"2017-11-17 07:56","100.68"
"2017-11-17 08:06","100.70"
"2017-11-17 08:16","100.69"
"2017-11-17 08:26","100.69"
"2017-11-17 08:36","100.72"
"2017-11-17 08:46","100.72"
"2017-11-17 08:56","100.72"
"2017-11-17 09:06","100.71"
"2017-11-17 09:16","100.71"
"2017-11-17 09:26","100.71"
"2017-11-17 09:36","100.71"
"2017-11-17 09:46","100.71"
"2017-11-17 09:56","100.70"
"2017-11-17 10:06","100.72"
"2017-11-17 10:16","100.71"
"2017-11-17 10:26","100.72"
"2017-11-17 10:36","100.68"
"2017-11-17 10:46","100.68"
"2017-11-17 10:56","100.66"
"2017-11-17 11:06","100.67"
"2017-11-17 11:16","100.66"
"2017-11-17 11:26","100.66"
"2017-11-17 11:36","100.65"
"2017-11-17 11:46","100.64"
"2017-11-17 11:56","100.62"
"2017-11-17 12:06","100.60"
"2017-11-17 12:16","100.59"
"2017-11-17 12:26","100.58"
"2017-11-17 12:36","100.55"
"2017-11-17 12:46","100.54"
"2017-11-17 12:56","100.56"
"2017-11-17 13:06","100.54"
"2017-11-17 13:16","100.53"
"2017-11-17 13:26","100.52"
"2017-11-17 13:36","100.54"
"2017-11-17 13:46","100.54"
"2017-11-17 13:56","100.55"
"2017-11-17 14:06","100.54"
"2017-11-17 14:16","100.52"
"2017-11-17 14:26","100.52"
"2017-11-17 14:36","100.51"
"2017-11-17 14:46","100.51"
"2017-11-17 14:56","100.50"
"2017-11-17 15:06","100.49"
"2017-11-17 15:16","100.48"
"2017-11-17 15:26","100.47"
"2017-11-17 15:36","100.47"
"2017-11-17 15:46","100.47"
"2017-11-17 15:56","100.47"
"2017-11-17 16:06","100.46"
"2017-11-17 16:16","100.45"
"2017-11-17 16:26","100.46"
"2017-11-17 16:36","100.50"
"2017-11-17 16:46","100.48"
"2017-11-17 16:56","100.46"
"2017-11-17 17:06","100.44"
"2017-11-17 17:16","100.47"
"2017-11-17 17:26","100.46"
"2017-11-17 17:36","100.44"
"2017-11-17 17:46","100.42"
"2017-11-17 17:56","100.39"
"2017-11-17 18:06","100.39"
"2017-11-17 18:16","100.40"
"2017-11-17 18:26","100.38"
"2017-11-17 18:36","100.39"
"2017-11-17 18:46","100.38"
"2017-11-17 18:56","100.36"
"2017-11-17 19:06","100.36"
"2017-11-17 19:16","100.35"
"2017-11-17 19:26","100.34"
"2017-11-17 19:36","100.29"
"2017-11-17 19:46","100.27"
"2017-11-17 19:56","100.27"
"2017-11-17 20:06","100.27"
"2017-11-17 20:16","100.28"
"2017-11-17 20:26","100.28"
"2017-11-17 20:36","100.25"
"2017-11-17 20:46","100.21"
"2017-11-17 20:56","100.20"
"2017-11-17 21:06","100.17"
"2017-11-17 21:16","100.16"
"2017-11-17 21:27","100.18"
"2017-11-17 21:36","100.22"
"2017-11-17 21:47","100.20"
"2017-11-17 21:56","100.14"
"2017-11-17 22:07","100.13"
"2017-11-17 22:16","100.10"
"2017-11-17 22:27","100.10"
"2017-11-17 22:36","100.07"
"2017-11-17 22:46","100.07"
"2017-11-17 22:56","100.06"
"2017-11-17 23:07","100.03"
"2017-11-17 23:16","100.03"
"2017-11-17 23:26","100.03"
"2017-11-17 23:36","100.04"
"2017-11-17 23:46","100.02"
"2017-11-17 23:56","99.96"
"2017-11-18 00:06","99.97"
"2017-11-18 00:16","99.92"
"2017-11-18 00:27","99.90"
"2017-11-18 00:36","99.89"
"2017-11-18 00:46","99.87"
"2017-11-18 00:56","99.86"
"2017-11-18 01:06","99.85"
"2017-11-18 01:16","99.85"
"2017-11-18 01:26","99.85"
"2017-11-18 01:36","99.83"
"2017-11-18 01:46","99.80"
"2017-11-18 01:56","99.77"
"2017-11-18 02:06","99.76"
"2017-11-18 02:16","99.74"
"2017-11-18 02:26","99.73"
"2017-11-18 02:36","99.72"
"2017-11-18 02:46","99.69"
"2017-11-18 02:56","99.60"
"2017-11-18 03:10","99.59"
"2017-11-18 03:16","99.59"
"2017-11-18 03:26","99.59"
"2017-11-18 03:36","99.57"
"2017-11-18 03:46","99.53"
"2017-11-18 03:56","99.48"
"2017-11-18 04:06","99.48"
"2017-11-18 04:16","99.45"
"2017-11-18 04:26","99.43"
"2017-11-18 04:36","99.42"
"2017-11-18 04:46","99.40"
"2017-11-18 04:56","99.38"
"2017-11-18 05:06","99.37"
"2017-11-18 05:16","99.37"
"2017-11-18 05:26","99.36"
"2017-11-18 05:36","99.33"
"2017-11-18 05:46","99.30"
"2017-11-18 05:56","99.26"
"2017-11-18 06:06","99.25"
"2017-11-18 06:16","99.19"
"2017-11-18 06:26","99.18"
"2017-11-18 06:36","99.15"
"2017-11-18 06:46","99.16"
"2017-11-18 06:56","99.16"
"2017-11-18 07:06","99.15"
"2017-11-18 07:16","99.14"
"2017-11-18 07:26","99.14"
"2017-11-18 07:36","99.11"
"2017-11-18 07:46","99.13"
"2017-11-18 07:56","99.10"
"2017-11-18 08:06","99.10"
"2017-11-18 08:16","99.05"
"2017-11-18 08:26","99.07"
"2017-11-18 08:36","99.08"
"2017-11-18 08:46","99.08"
"2017-11-18 08:56","99.04"
"2017-11-18 09:06","99.02"
"2017-11-18 09:16","98.95"
"2017-11-18 09:26","98.94"
"2017-11-18 09:36","98.88"
"2017-11-18 09:46","98.88"
"2017-11-18 09:56","98.88"
"2017-11-18 10:06","98.86"
"2017-11-18 10:16","98.89"
"2017-11-18 10:26","98.90"
"2017-11-18 10:36","98.89"
"2017-11-18 10:46","98.88"
"2017-11-18 10:56","98.83"
"2017-11-18 11:06","98.83"
"2017-11-18 11:16","98.79"
"2017-11-18 11:26","98.75"
"2017-11-18 11:36","98.70"
"2017-11-18 11:46","98.66"
"2017-11-18 11:56","98.66"
"2017-11-18 12:06","98.66"
"2017-11-18 12:16","98.57"
"2017-11-18 12:26","98.56"
"2017-11-18 12:36","98.51"
"2017-11-18 12:46","98.51"
"2017-11-18 12:56","98.48"
"2017-11-18 13:06","98.45"
"2017-11-18 13:16","98.46"
"2017-11-18 13:26","98.45"
"2017-11-18 13:36","98.45"
"2017-11-18 13:46","98.45"
"2017-11-18 13:56","98.43"
"2017-11-18 14:06","98.43"
"2017-11-18 14:16","98.43"
"2017-11-18 14:26","98.43"
"2017-11-18 14:36","98.42"
"2017-11-18 14:46","98.39"
"2017-11-18 14:56","98.34"
"2017-11-18 15:06","98.33"
"2017-11-18 15:16","98.29"
"2017-11-18 15:26","98.29"
"2017-11-18 15:36","98.26"
"2017-11-18 15:46","98.27"
"2017-11-18 15:56","98.24"
"2017-11-18 16:06","98.24"
"2017-11-18 16:16","98.21"
"2017-11-18 16:26","98.19"
"2017-11-18 16:36","98.21"
"2017-11-18 16:46","98.23"
"2017-11-18 16:56","98.21"
"2017-11-18 17:06","98.20"
"2017-11-18 17:16","98.19"
"2017-11-18 17:26","98.18"
"2017-11-18 17:36","98.15"
"2017-11-18 17:46","98.13"
"2017-11-18 17:56","98.11"
"2017-11-18 18:06","98.10"
"2017-11-18 18:16","98.09"
"2017-11-18 18:26","98.08"
"2017-11-18 18:36","98.07"
"2017-11-18 18:46","98.05"
"2017-11-18 18:56","98.02"
"2017-11-18 19:06","97.99"
"2017-11-18 19:16","97.96"
"2017-11-18 19:26","97.95"
"2017-11-18 19:36","97.92"
"2017-11-18 19:46","97.92"
"2017-11-18 19:56","97.86"
"2017-11-18 20:07","97.84"
"2017-11-18 20:16","97.77"
"2017-11-18 20:26","97.76"
"2017-11-18 20:36","97.74"
"2017-11-18 20:46","97.74"
"2017-11-18 20:56","97.71"
"2017-11-18 21:06","97.72"
"2017-11-18 21:16","97.65"
"2017-11-18 21:26","97.61"
"2017-11-18 21:36","97.61"
"2017-11-18 21:46","97.62"
"2017-11-18 21:56","97.59"
"2017-11-18 22:06","97.55"
"2017-11-18 22:16","97.52"
"2017-11-18 22:26","97.52"
"2017-11-18 22:36","97.50"
"2017-11-18 22:46","97.51"
"2017-11-18 22:56","97.49"
"2017-11-18 23:06","97.44"
"2017-11-18 23:16","97.34"
"2017-11-18 23:26","97.29"
"2017-11-18 23:36","97.29"
"2017-11-18 23:46","97.32"
"2017-11-18 23:56","97.29"
"2017-11-19 00:06","97.31"
"2017-11-19 00:16","97.25"
"2017-11-19 00:27","97.25"
"2017-11-19 00:36","97.20"
"2017-11-19 00:46","97.21"
"2017-11-19 00:56","97.18"
"2017-11-19 01:06","97.15"
"2017-11-19 01:16","97.17"
"2017-11-19 01:26","97.16"
"2017-11-19 01:36","97.16"
"2017-11-19 01:46","97.17"
"2017-11-19 01:56","97.15"
"2017-11-19 02:06","97.14"
"2017-11-19 02:16","97.13"
"2017-11-19 02:26","97.14"
"2017-11-19 02:36","97.14"
"2017-11-19 02:47","97.14"
"2017-11-19 02:56","97.11"
"2017-11-19 03:06","97.13"
"2017-11-19 03:16","97.13"
"2017-11-19 03:26","97.13"
"2017-11-19 03:36","97.12"
"2017-11-19 03:46","97.12"
"2017-11-19 03:56","97.14"
"2017-11-19 04:06","97.10"
"2017-11-19 04:16","97.10"
"2017-11-19 04:26","97.12"
"2017-11-19 04:36","97.19"
"2017-11-19 04:46","97.19"
"2017-11-19 04:56","97.17"
"2017-11-19 05:06","97.18"
"2017-11-19 05:16","97.18"
"2017-11-19 05:26","97.18"
"2017-11-19 05:36","97.23"
"2017-11-19 05:46","97.24"
"2017-11-19 05:56","97.27"
"2017-11-19 06:06","97.30"
"2017-11-19 06:16","97.34"
"2017-11-19 06:26","97.37"
"2017-11-19 06:36","97.41"
"2017-11-19 06:46","97.42"
"2017-11-19 06:56","97.48"
"2017-11-19 07:06","97.52"
"2017-11-19 07:16","97.58"
"2017-11-19 07:26","97.61"
"2017-11-19 07:36","97.68"
"2017-11-19 07:46","97.70"
"2017-11-19 07:56","97.75"
"2017-11-19 08:06","97.77"
"2017-11-19 08:16","97.81"
"2017-11-19 08:26","97.84"
"2017-11-19 08:36","97.91"
"2017-11-19 08:46","97.92"
"2017-11-19 08:56","97.96"
"2017-11-19 09:06","97.99"
"2017-11-19 09:16","98.03"
"2017-11-19 09:26","98.04"
"2017-11-19 09:36","98.08"
"2017-11-19 09:46","98.09"
"2017-11-19 09:56","98.14"
"2017-11-19 10:06","98.15"
"2017-11-19 10:16","98.19"
"2017-11-19 10:26","98.21"
"2017-11-19 10:36","98.23"
"2017-11-19 10:46","98.25"
"2017-11-19 10:56","98.25"
"2017-11-19 11:06","98.27"
"2017-11-19 11:16","98.29"
"2017-11-19 11:26","98.27"
"2017-11-19 11:36","98.31"
"2017-11-19 11:46","98.29"
"2017-11-19 11:56","98.30"
"2017-11-19 12:06","98.30"
"2017-11-19 12:16","98.33"
"2017-11-19 12:26","98.32"
"2017-11-19 12:36","98.34"
"2017-11-19 12:46","98.35"
"2017-11-19 12:56","98.37"
"2017-11-19 13:06","98.37"
"2017-11-19 13:16","98.39"
"2017-11-19 13:26","98.41"
"2017-11-19 13:36","98.43"
"2017-11-19 13:46","98.44"
"2017-11-19 13:56","98.46"
"2017-11-19 14:06","98.46"
"2017-11-19 14:16","98.48"
"2017-11-19 14:26","98.50"
"2017-11-19 14:36","98.51"
"2017-11-19 14:46","98.53"
"2017-11-19 14:56","98.57"
"2017-11-19 15:06","98.57"
"2017-11-19 15:16","98.61"
"2017-11-19 15:26","98.61"
"2017-11-19 15:36","98.63"
"2017-11-19 15:46","98.64"
"2017-11-19 15:56","98.66"
"2017-11-19 16:06","98.66"
"2017-11-19 16:16","98.68"
"2017-11-19 16:26","98.67"
"2017-11-19 16:36","98.71"
"2017-11-19 16:46","98.71"
"2017-11-19 16:56","98.74"
"2017-11-19 17:06","98.75"
"2017-11-19 17:16","98.78"
"2017-11-19 17:26","98.78"
"2017-11-19 17:36","98.82"
"2017-11-19 17:46","98.82"
"2017-11-19 17:56","98.85"
"2017-11-19 18:06","98.86"
"2017-11-19 18:16","98.87"
"2017-11-19 18:26","98.88"
"2017-11-19 18:36","98.88"
"2017-11-19 18:46","98.90"
"2017-11-19 18:56","98.92"
"2017-11-19 19:06","98.92"
"2017-11-19 19:16","98.92"
"2017-11-19 19:26","98.92"
"2017-11-19 19:36","98.92"
"2017-11-19 19:46","98.92"
"2017-11-19 19:56","98.93"
"2017-11-19 20:06","98.94"
"2017-11-19 20:16","98.95"
"2017-11-19 20:26","98.95"
"2017-11-19 20:36","98.96"
"2017-11-19 20:46","98.97"
"2017-11-19 20:56","98.99"
"2017-11-19 21:06","98.99"
"2017-11-19 21:16","99.00"
"2017-11-19 21:26","99.01"
"2017-11-19 21:36","99.01"
"2017-11-19 21:46","99.02"
"2017-11-19 21:56","99.03"
"2017-11-19 22:06","99.03"
"2017-11-19 22:16","99.05"
"2017-11-19 22:26","99.04"
"2017-11-19 22:36","99.04"
"2017-11-19 22:46","99.06"
"2017-11-19 22:56","99.09"
"2017-11-19 23:06","99.09"
"2017-11-19 23:16","99.09"
"2017-11-19 23:26","99.11"
"2017-11-19 23:36","99.13"
"2017-11-19 23:46","99.12"
"2017-11-19 23:56","99.15"
"2017-11-20 00:06","99.16"
"2017-11-20 00:16","99.16"
"2017-11-20 00:26","99.17"
"2017-11-20 00:36","99.20"
"2017-11-20 00:46","99.21"
"2017-11-20 00:56","99.23"
"2017-11-20 01:06","99.24"
"2017-11-20 01:16","99.27"
"2017-11-20 01:26","99.28"
"2017-11-20 01:36","99.31"
"2017-11-20 01:46","99.32"
"2017-11-20 01:56","99.34"
"2017-11-20 02:06","99.35"
"2017-11-20 02:16","99.36"
"2017-11-20 02:26","99.38"
"2017-11-20 02:36","99.41"
"2017-11-20 02:46","99.42"
"2017-11-20 02:56","99.42"
"2017-11-20 03:07","99.41"
"2017-11-20 03:16","99.41"
"2017-11-20 03:26","99.43"
"2017-11-20 03:36","99.45"
"2017-11-20 03:46","99.44"
"2017-11-20 03:56","99.48"
"2017-11-20 04:06","99.49"
"2017-11-20 04:16","99.50"
"2017-11-20 04:26","99.52"
"2017-11-20 04:36","99.56"
"2017-11-20 04:46","99.59"
"2017-11-20 04:56","99.63"
"2017-11-20 05:06","99.61"
"2017-11-20 05:16","99.64"
"2017-11-20 05:26","99.66"
"2017-11-20 05:36","99.65"
"2017-11-20 05:46","99.66"
"2017-11-20 05:56","99.67"
"2017-11-20 06:06","99.69"
"2017-11-20 06:16","99.68"
"2017-11-20 06:26","99.67"
"2017-11-20 06:36","99.70"
"2017-11-20 06:46","99.71"
"2017-11-20 06:56","99.70"
"2017-11-20 07:06","99.70"
"2017-11-20 07:16","99.70"
"2017-11-20 07:26","99.69"
"2017-11-20 07:36","99.69"
"2017-11-20 07:46","99.70"
"2017-11-20 07:56","99.71"
"2017-11-20 08:06","99.70"
"2017-11-20 08:16","99.72"
"2017-11-20 08:26","99.70"
"2017-11-20 08:36","99.71"
"2017-11-20 08:46","99.71"
"2017-11-20 08:56","99.70"
"2017-11-20 09:06","99.71"
"2017-11-20 09:16","99.70"
"2017-11-20 09:26","99.70"
"2017-11-20 09:36","99.71"
"2017-11-20 09:46","99.72"
"2017-11-20 09:56","99.74"
"2017-11-20 10:06","99.75"
"2017-11-20 10:16","99.77"
"2017-11-20 10:26","99.77"
"2017-11-20 10:36","99.77"
"2017-11-20 10:46","99.76"
"2017-11-20 10:56","99.76"
"2017-11-20 11:06","99.76"
"2017-11-20 11:16","99.76"
"2017-11-20 11:26","99.75"
"2017-11-20 11:36","99.75"
"2017-11-20 11:47","99.74"
"2017-11-20 11:56","99.74"
"2017-11-20 12:06","99.73"
"2017-11-20 12:16","99.74"
"2017-11-20 12:26","99.73"
"2017-11-20 12:36","99.72"
"2017-11-20 12:46","99.71"
"2017-11-20 12:56","99.72"
"2017-11-20 13:06","99.73"
"2017-11-20 13:16","99.73"
"2017-11-20 13:26","99.73"
"2017-11-20 13:36","99.72"
"2017-11-20 13:46","99.73"
"2017-11-20 13:56","99.73"
"2017-11-20 14:06","99.74"
"2017-11-20 14:16","99.75"
"2017-11-20 14:26","99.74"
"2017-11-20 14:36","99.74"
"2017-11-20 14:46","99.75"
"2017-11-20 14:56","99.76"
"2017-11-20 15:06","99.77"
"2017-11-20 15:16","99.77"
"2017-11-20 15:26","99.78"
"2017-11-20 15:36","99.79"
"2017-11-20 15:46","99.78"
"2017-11-20 15:56","99.80"
"2017-11-20 16:06","99.83"
"2017-11-20 16:16","99.82"
"2017-11-20 16:26","99.84"
"2017-11-20 16:36","99.86"
"2017-11-20 16:46","99.86"
"2017-11-20 16:56","99.87"
"2017-11-20 17:06","99.88"
"2017-11-20 17:16","99.89"
"2017-11-20 17:26","99.89"
"2017-11-20 17:36","99.89"
"2017-11-20 17:46","99.88"
"2017-11-20 17:56","99.88"
"2017-11-20 18:06","99.89"
"2017-11-20 18:16","99.89"
"2017-11-20 18:26","99.88"
"2017-11-20 18:36","99.90"
"2017-11-20 18:46","99.91"
"2017-11-20 18:56","99.89"
"2017-11-20 19:06","99.90"
"2017-11-20 19:16","99.89"
"2017-11-20 19:26","99.89"
"2017-11-20 19:36","99.85"
"2017-11-20 19:46","99.85"
"2017-11-20 19:56","99.88"
"2017-11-20 20:06","99.88"
"2017-11-20 20:16","99.85"
"2017-11-20 20:26","99.84"
"2017-11-20 20:36","99.84"
"2017-11-20 20:46","99.84"
"2017-11-20 20:56","99.83"
"2017-11-20 21:06","99.83"
"2017-11-20 21:16","99.81"
"2017-11-20 21:26","99.80"
"2017-11-20 21:36","99.78"
"2017-11-20 21:46","99.77"
"2017-11-20 21:56","99.74"
"2017-11-20 22:06","99.74"
"2017-11-20 22:16","99.71"
"2017-11-20 22:26","99.70"
"2017-11-20 22:36","99.69"
"2017-11-20 22:46","99.66"
"2017-11-20 22:56","99.64"
"2017-11-20 23:06","99.65"
"2017-11-20 23:16","99.61"
"2017-11-20 23:26","99.61"
"2017-11-20 23:36","99.60"
"2017-11-20 23:46","99.59"
"2017-11-20 23:56","99.58"
"2017-11-21 00:06","99.58"
"2017-11-21 00:16","99.56"
"2017-11-21 00:26","99.55"
"2017-11-21 00:36","99.53"
"2017-11-21 00:46","99.52"
"2017-11-21 00:56","99.50"
"2017-11-21 01:06","99.50"
"2017-11-21 01:16","99.49"
"2017-11-21 01:26","99.48"
"2017-11-21 01:36","99.49"
"2017-11-21 01:46","99.48"
"2017-11-21 01:56","99.48"
"2017-11-21 02:06","99.47"
"2017-11-21 02:16","99.45"
"2017-11-21 02:26","99.45"
"2017-11-21 02:36","99.44"
"2017-11-21 02:46","99.43"
"2017-11-21 02:56","99.40"
"2017-11-21 03:06","99.39"
"2017-11-21 03:16","99.36"
"2017-11-21 03:26","99.35"
"2017-11-21 03:36","99.34"
"2017-11-21 03:46","99.35"
"2017-11-21 03:56","99.33"
"2017-11-21 04:06","99.32"
"2017-11-21 04:16","99.30"
"2017-11-21 04:26","99.30"
"2017-11-21 04:36","99.29"
"2017-11-21 04:46","99.29"
"2017-11-21 04:56","99.28"
"2017-11-21 05:06","99.28"
"2017-11-21 05:16","99.28"
"2017-11-21 05:26","99.27"
"2017-11-21 05:36","99.25"
"2017-11-21 05:46","99.26"
"2017-11-21 05:56","99.25"
"2017-11-21 06:06","99.25"
"2017-11-21 06:16","99.23"
"2017-11-21 06:26","99.23"
"2017-11-21 06:36","99.22"
"2017-11-21 06:46","99.21"
"2017-11-21 06:56","99.21"
"2017-11-21 07:06","99.20"
"2017-11-21 07:16","99.18"
"2017-11-21 07:26","99.19"
"2017-11-21 07:36","99.16"
"2017-11-21 07:46","99.15"
"2017-11-21 07:56","99.15"
"2017-11-21 08:06","99.15"
"2017-11-21 08:16","99.14"
"2017-11-21 08:26","99.15"
"2017-11-21 08:36","99.14"
"2017-11-21 08:46","99.13"
"2017-11-21 08:56","99.11"
"2017-11-21 09:06","99.12"
"2017-11-21 09:16","99.14"
"2017-11-21 09:26","99.11"
"2017-11-21 09:36","99.11"
"2017-11-21 09:46","99.10"
"2017-11-21 09:56","99.11"
"2017-11-21 10:06","99.10"
"2017-11-21 10:16","99.10"
"2017-11-21 10:26","99.10"
"2017-11-21 10:36","99.08"
"2017-11-21 10:46","99.08"
"2017-11-21 10:56","99.04"
"2017-11-21 11:06","99.02"
"2017-11-21 11:16","99.03"
"2017-11-21 11:26","99.03"
"2017-11-21 11:36","99.03"
"2017-11-21 11:46","99.03"
"2017-11-21 11:56","99.00"
"2017-11-21 12:06","99.00"
"2017-11-21 12:16","98.97"
"2017-11-21 12:26","98.98"
"2017-11-21 12:36","98.97"
"2017-11-21 12:46","98.98"
"2017-11-21 12:56","98.96"
"2017-11-21 13:06","98.95"
"2017-11-21 13:16","98.97"
"2017-11-21 13:26","98.96"
"2017-11-21 13:36","98.97"
"2017-11-21 13:46","98.98"
"2017-11-21 13:56","98.99"
"2017-11-21 14:06","98.98"
"2017-11-21 14:16","98.99"
"2017-11-21 14:26","98.99"
"2017-11-21 14:36","99.00"
"2017-11-21 14:46","99.02"
"2017-11-21 14:56","99.01"
"2017-11-21 15:06","99.01"
"2017-11-21 15:16","99.05"
"2017-11-21 15:26","99.05"
"2017-11-21 15:36","99.07"
"2017-11-21 15:46","99.09"
"2017-11-21 15:56","99.11"
"2017-11-21 16:06","99.12"
"2017-11-21 16:16","99.14"
"2017-11-21 16:26","99.15"
"2017-11-21 16:36","99.16"
"2017-11-21 16:46","99.17"
"2017-11-21 16:56","99.19"
"2017-11-21 17:06","99.20"
"2017-11-21 17:16","99.21"
"2017-11-21 17:26","99.22"
"2017-11-21 17:36","99.24"
"2017-11-21 17:46","99.24"
"2017-11-21 17:56","99.27"
"2017-11-21 18:06","99.28"
"2017-11-21 18:16","99.29"
"2017-11-21 18:26","99.27"
"2017-11-21 18:36","99.29"
"2017-11-21 18:46","99.28"
"2017-11-21 18:56","99.31"
"2017-11-21 19:06","99.31"
"2017-11-21 19:16","99.32"
"2017-11-21 19:26","99.32"
"2017-11-21 19:36","99.30"
"2017-11-21 19:46","99.30"
"2017-11-21 19:56","99.29"
"2017-11-21 20:06","99.29"
"2017-11-21 20:16","99.30"
"2017-11-21 20:26","99.31"
"2017-11-21 20:36","99.31"
"2017-11-21 20:46","99.33"
"2017-11-21 20:56","99.35"
"2017-11-21 21:06","99.34"
"2017-11-21 21:16","99.33"
"2017-11-21 21:26","99.34"
"2017-11-21 21:36","99.36"
"2017-11-21 21:46","99.36"
"2017-11-21 21:56","99.38"
"2017-11-21 22:06","99.38"
"2017-11-21 22:16","99.37"
"2017-11-21 22:26","99.37"
"2017-11-21 22:36","99.36"
"2017-11-21 22:46","99.38"
"2017-11-21 22:56","99.41"
"2017-11-21 23:06","99.42"
"2017-11-21 23:16","99.44"
"2017-11-21 23:26","99.45"
"2017-11-21 23:36","99.47"
"2017-11-21 23:46","99.47"
"2017-11-21 23:56","99.49"
"2017-11-22 00:06","99.49"
"2017-11-22 00:16","99.51"
"2017-11-22 00:26","99.51"
"2017-11-22 00:36","99.52"
"2017-11-22 00:46","99.52"
"2017-11-22 00:56","99.53"
"2017-11-22 01:06","99.53"
"2017-11-22 01:16","99.55"
"2017-11-22 01:26","99.57"
"2017-11-22 01:36","99.57"
"2017-11-22 01:46","99.58"
"2017-11-22 01:56","99.60"
"2017-11-22 02:06","99.62"
"2017-11-22 02:16","99.65"
"2017-11-22 02:26","99.67"
"2017-11-22 02:36","99.68"
"2017-11-22 02:46","99.69"
"2017-11-22 02:56","99.70"
"2017-11-22 03:07","99.70"
"2017-11-22 03:16","99.69"
"2017-11-22 03:26","99.70"
"2017-11-22 03:36","99.69"
"2017-11-22 03:46","99.69"
"2017-11-22 03:56","99.70"
"2017-11-22 04:06","99.71"
"2017-11-22 04:16","99.73"
"2017-11-22 04:26","99.74"
"2017-11-22 04:36","99.76"
"2017-11-22 04:46","99.76"
"2017-11-22 04:56","99.78"
"2017-11-22 05:06","99.79"
"2017-11-22 05:16","99.81"
"2017-11-22 05:26","99.82"
"2017-11-22 05:36","99.83"
"2017-11-22 05:46","99.83"
"2017-11-22 05:56","99.85"
"2017-11-22 06:06","99.85"
"2017-11-22 06:16","99.89"
"2017-11-22 06:26","99.90"
"2017-11-22 06:36","99.92"
"2017-11-22 06:46","99.93"
"2017-11-22 06:56","99.94"
"2017-11-22 07:06","99.96"
"2017-11-22 07:16","99.98"
"2017-11-22 07:26","99.99"
"2017-11-22 07:36","100.00"
"2017-11-22 07:46","100.00"
"2017-11-22 07:56","100.02"
"2017-11-22 08:06","100.04"
"2017-11-22 08:16","100.07"
"2017-11-22 08:26","100.07"
"2017-11-22 08:36","100.10"
"2017-11-22 08:46","100.10"
"2017-11-22 08:56","100.12"
"2017-11-22 09:06","100.13"
"2017-11-22 09:16","100.16"
"2017-11-22 09:26","100.15"
"2017-11-22 09:36","100.17"
"2017-11-22 09:46","100.16"
"2017-11-22 09:56","100.18"
"2017-11-22 10:06","100.19"
"2017-11-22 10:16","100.17"
"2017-11-22 10:26","100.16"
"2017-11-22 10:36","100.18"
"2017-11-22 10:46","100.18"
"2017-11-22 10:56","100.18"
"2017-11-22 11:06","100.18"
"2017-11-22 11:16","100.20"
"2017-11-22 11:26","100.20"
"2017-11-22 11:36","100.19"
"2017-11-22 11:46","100.19"
"2017-11-22 11:56","100.19"
"2017-11-22 12:06","100.20"
"2017-11-22 12:16","100.20"
"2017-11-22 12:26","100.20"
"2017-11-22 12:36","100.21"
"2017-11-22 12:46","100.21"
"2017-11-22 12:56","100.23"
"2017-11-22 13:06","100.23"
"2017-11-22 13:16","100.22"
"2017-11-22 13:26","100.24"
"2017-11-22 13:36","100.26"
"2017-11-22 13:46","100.25"
"2017-11-22 13:56","100.27"
"2017-11-22 14:06","100.27"
"2017-11-22 14:16","100.29"
"2017-11-22 14:26","100.30"
"2017-11-22 14:36","100.31"
"2017-11-22 14:46","100.30"
"2017-11-22 14:56","100.32"
"2017-11-22 15:06","100.31"
"2017-11-22 15:16","100.33"
"2017-11-22 15:26","100.34"
"2017-11-22 15:36","100.38"
"2017-11-22 15:46","100.39"
"2017-11-22 15:56","100.39"
"2017-11-22 16:06","100.41"
"2017-11-22 16:16","100.43"
"2017-11-22 16:26","100.43"
"2017-11-22 16:36","100.44"
"2017-11-22 16:46","100.45"
"2017-11-22 16:56","100.47"
"2017-11-22 17:06","100.47"
"2017-11-22 17:16","100.49"
"2017-11-22 17:26","100.51"
"2017-11-22 17:36","100.52"
"2017-11-22 17:46","100.53"
"2017-11-22 17:56","100.53"
"2017-11-22 18:06","100.54"
"2017-11-22 18:16","100.57"
"2017-11-22 18:26","100.58"
"2017-11-22 18:36","100.58"
"2017-11-22 18:46","100.58"
"2017-11-22 18:56","100.59"
"2017-11-22 19:06","100.58"
"2017-11-22 19:16","100.59"
"2017-11-22 19:26","100.60"
"2017-11-22 19:36","100.62"
"2017-11-22 19:46","100.63"
"2017-11-22 19:56","100.61"
"2017-11-22 20:06","100.60"
"2017-11-22 20:16","100.60"
"2017-11-22 20:26","100.60"
"2017-11-22 20:36","100.61"
"2017-11-22 20:46","100.61"
"2017-11-22 20:56","100.61"
"2017-11-22 21:06","100.61"
"2017-11-22 21:16","100.61"
"2017-11-22 21:26","100.61"
"2017-11-22 21:36","100.63"
"2017-11-22 21:46","100.63"
"2017-11-22 21:56","100.62"
"2017-11-22 22:06","100.62"
"2017-11-22 22:16","100.62"
"2017-11-22 22:26","100.61"
"2017-11-22 22:36","100.61"
"2017-11-22 22:46","100.62"
"2017-11-22 22:56","100.62"
"2017-11-22 23:06","100.62"
"2017-11-22 23:16","100.62"
"2017-11-22 23:26","100.61"
"2017-11-22 23:36","100.61"
"2017-11-22 23:46","100.61"
"2017-11-22 23:56","100.59"
"2017-11-23 00:06","100.59"
"2017-11-23 00:16","100.56"
"2017-11-23 00:26","100.55"
"2017-11-23 00:36","100.54"
"2017-11-23 00:46","100.54"
"2017-11-23 00:56","100.52"
"2017-11-23 01:06","100.53"
"2017-11-23 01:16","100.54"
"2017-11-23 01:26","100.53"
"2017-11-23 01:36","100.55"
"2017-11-23 01:46","100.56"
"2017-11-23 01:56","100.53"
"2017-11-23 02:06","100.52"
"2017-11-23 02:16","100.52"
"2017-11-23 02:26","100.53"
"2017-11-23 02:36","100.52"
"2017-11-23 02:47","100.52"
"2017-11-23 02:56","100.53"
"2017-11-23 03:06","100.52"
"2017-11-23 03:16","100.52"
"2017-11-23 03:26","100.51"
"2017-11-23 03:36","100.49"
"2017-11-23 03:46","100.49"
"2017-11-23 03:56","100.48"
"2017-11-23 04:06","100.48"
"2017-11-23 04:16","100.48"
"2017-11-23 04:26","100.48"
"2017-11-23 04:36","100.48"
"2017-11-23 04:46","100.49"
"2017-11-23 04:56","100.47"
"2017-11-23 05:06","100.47"
"2017-11-23 05:16","100.47"
"2017-11-23 05:26","100.47"
"2017-11-23 05:36","100.49"
"2017-11-23 05:46","100.49"
"2017-11-23 05:56","100.47"
"2017-11-23 06:06","100.47"
"2017-11-23 06:16","100.46"
"2017-11-23 06:26","100.46"
"2017-11-23 06:36","100.44"
"2017-11-23 06:46","100.42"
"2017-11-23 06:56","100.39"
"2017-11-23 07:06","100.38"
"2017-11-23 07:16","100.37"
"2017-11-23 07:26","100.37"
"2017-11-23 07:36","100.37"
"2017-11-23 07:46","100.38"
"2017-11-23 07:56","100.37"
"2017-11-23 08:06","100.37"
"2017-11-23 08:16","100.37"
"2017-11-23 08:26","100.35"
"2017-11-23 08:36","100.35"
"2017-11-23 08:46","100.36"
"2017-11-23 08:56","100.33"
"2017-11-23 09:06","100.34"
"2017-11-23 09:16","100.31"
"2017-11-23 09:26","100.30"
"2017-11-23 09:36","100.28"
"2017-11-23 09:46","100.27"
"2017-11-23 09:56","100.27"
"2017-11-23 10:06","100.28"
"2017-11-23 10:16","100.24"
"2017-11-23 10:26","100.23"
"2017-11-23 10:36","100.21"
"2017-11-23 10:46","100.21"
"2017-11-23 10:56","100.19"
"2017-11-23 11:06","100.17"
"2017-11-23 11:16","100.16"
"2017-11-23 11:26","100.14"
"2017-11-23 11:36","100.11"
"2017-11-23 11:46","100.10"
"2017-11-23 11:56","100.05"
"2017-11-23 12:06","100.05"
"2017-11-23 12:16","100.03"
"2017-11-23 12:26","100.02"
"2017-11-23 12:36","99.99"
"2017-11-23 12:46","99.98"
"2017-11-23 12:56","99.97"
"2017-11-23 13:06","99.96"
"2017-11-23 13:16","99.94"
"2017-11-23 13:26","99.94"
"2017-11-23 13:36","99.91"
"2017-11-23 13:46","99.90"
"2017-11-23 13:56","99.86"
"2017-11-23 14:06","99.85"
"2017-11-23 14:16","99.82"
"2017-11-23 14:26","99.83"
"2017-11-23 14:36","99.83"
"2017-11-23 14:46","99.84"
"2017-11-23 14:56","99.80"
"2017-11-23 15:06","99.79"
"2017-11-23 15:16","99.78"
"2017-11-23 15:26","99.76"
"2017-11-23 15:36","99.74"
"2017-11-23 15:46","99.73"
"2017-11-23 15:56","99.72"
"2017-11-23 16:06","99.70"
"2017-11-23 16:16","99.72"
"2017-11-23 16:26","99.72"
"2017-11-23 16:36","99.73"
"2017-11-23 16:46","99.71"
"2017-11-23 16:56","99.70"
"2017-11-23 17:06","99.70"
"2017-11-23 17:16","99.71"
"2017-11-23 17:26","99.72"
"2017-11-23 17:36","99.71"
"2017-11-23 17:46","99.71"
"2017-11-23 17:56","99.68"
"2017-11-23 18:06","99.68"
"2017-11-23 18:16","99.68"
"2017-11-23 18:26","99.68"
"2017-11-23 18:36","99.69"
"2017-11-23 18:46","99.69"
"2017-11-23 18:56","99.68"
"2017-11-23 19:06","99.68"
"2017-11-23 19:16","99.68"
"2017-11-23 19:26","99.67"
"2017-11-23 19:36","99.67"
"2017-11-23 19:46","99.68"
"2017-11-23 19:56","99.67"
"2017-11-23 20:06","99.66"
"2017-11-23 20:16","99.66"
"2017-11-23 20:26","99.65"
"2017-11-23 20:36","99.63"
"2017-11-23 20:46","99.63"
"2017-11-23 20:56","99.62"
"2017-11-23 21:06","99.60"
"2017-11-23 21:16","99.59"
"2017-11-23 21:26","99.59"
"2017-11-23 21:36","99.60"
"2017-11-23 21:46","99.59"
"2017-11-23 21:56","99.59"
"2017-11-23 22:06","99.60"
"2017-11-23 22:16","99.60"
"2017-11-23 22:26","99.60"
"2017-11-23 22:36","99.60"
"2017-11-23 22:46","99.62"
"2017-11-23 22:56","99.62"
"2017-11-23 23:06","99.63"
"2017-11-23 23:16","99.63"
"2017-11-23 23:26","99.64"
"2017-11-23 23:36","99.63"
"2017-11-23 23:46","99.64"
"2017-11-23 23:56","99.64"
"2017-11-24 00:06","99.63"
"2017-11-24 00:16","99.60"
"2017-11-24 00:26","99.60"
"2017-11-24 00:36","99.58"
"2017-11-24 00:46","99.59"
"2017-11-24 00:56","99.58"
"2017-11-24 01:06","99.58"
"2017-11-24 01:16","99.61"
"2017-11-24 01:26","99.61"
"2017-11-24 01:36","99.63"
"2017-11-24 01:46","99.63"
"2017-11-24 01:56","99.65"
"2017-11-24 02:06","99.66"
"2017-11-24 02:16","99.66"
"2017-11-24 02:26","99.67"
"2017-11-24 02:36","99.66"
"2017-11-24 02:46","99.66"
"2017-11-24 02:56","99.65"
"2017-11-24 03:06","99.64"
"2017-11-24 03:16","99.63"
"2017-11-24 03:26","99.64"
"2017-11-24 03:36","99.64"
"2017-11-24 03:46","99.63"
"2017-11-24 03:56","99.62"
"2017-11-24 04:06","99.63"
"2017-11-24 04:16","99.65"
"2017-11-24 04:26","99.64"
"2017-11-24 04:36","99.66"
"2017-11-24 04:46","99.65"
"2017-11-24 04:56","99.65"
"2017-11-24 05:06","99.65"
"2017-11-24 05:16","99.64"
"2017-11-24 05:26","99.64"
"2017-11-24 05:36","99.62"
"2017-11-24 05:46","99.62"
"2017-11-24 05:56","99.63"
"2017-11-24 06:06","99.63"
"2017-11-24 06:16","99.65"
"2017-11-24 06:26","99.67"
"2017-11-24 06:36","99.66"
"2017-11-24 06:46","99.65"
"2017-11-24 06:56","99.64"
"2017-11-24 07:06","99.63"
"2017-11-24 07:16","99.63"
"2017-11-24 07:26","99.64"
"2017-11-24 07:36","99.66"
"2017-11-24 07:46","99.66"
"2017-11-24 07:56","99.63"
"2017-11-24 08:06","99.64"
"2017-11-24 08:16","99.63"
"2017-11-24 08:26","99.63"
"2017-11-24 08:36","99.62"
"2017-11-24 08:46","99.61"
"2017-11-24 08:56","99.57"
"2017-11-24 09:06","99.57"
"2017-11-24 09:16","99.58"
"2017-11-24 09:26","99.56"
"2017-11-24 09:36","99.55"
"2017-11-24 09:46","99.53"
"2017-11-24 09:56","99.50"
"2017-11-24 10:06","99.49"
"2017-11-24 10:16","99.48"
"2017-11-24 10:26","99.46"
"2017-11-24 10:36","99.46"
"2017-11-24 10:46","99.44"
"2017-11-24 10:56","99.38"
"2017-11-24 11:06","99.37"
"2017-11-24 11:16","99.32"
"2017-11-24 11:26","99.32"
"2017-11-24 11:36","99.30"
"2017-11-24 11:46","99.30"
"2017-11-24 11:56","99.29"
"2017-11-24 12:06","99.30"
"2017-11-24 12:16","99.29"
"2017-11-24 12:26","99.28"
"2017-11-24 12:36","99.27"
"2017-11-24 12:46","99.26"
"2017-11-24 12:56","99.21"
"2017-11-24 13:06","99.19"
"2017-11-24 13:16","99.18"
"2017-11-24 13:26","99.17"
"2017-11-24 13:36","99.17"
"2017-11-24 13:46","99.14"
"2017-11-24 13:56","99.11"
"2017-11-24 14:06","99.10"
"2017-11-24 14:16","99.09"
"2017-11-24 14:26","99.08"
"2017-11-24 14:36","99.07"
"2017-11-24 14:46","99.05"
"2017-11-24 14:56","99.02"
"2017-11-24 15:06","99.00"
"2017-11-24 15:16","99.03"
"2017-11-24 15:26","99.01"
"2017-11-24 15:36","99.01"
"2017-11-24 15:46","99.01"
"2017-11-24 15:56","99.02"
"2017-11-24 16:06","99.02"
"2017-11-24 16:16","99.01"
"2017-11-24 16:26","99.00"
"2017-11-24 16:36","98.99"
"2017-11-24 16:46","98.99"
"2017-11-24 16:56","98.97"
"2017-11-24 17:06","98.96"
"2017-11-24 17:16","98.95"
"2017-11-24 17:26","98.96"
"2017-11-24 17:36","98.95"
"2017-11-24 17:46","98.94"
"2017-11-24 17:56","98.92"
"2017-11-24 18:06","98.92"
"2017-11-24 18:16","98.92"
"2017-11-24 18:26","98.91"
"2017-11-24 18:36","98.90"
"2017-11-24 18:46","98.91"
"2017-11-24 18:56","98.89"
"2017-11-24 19:06","98.89"
"2017-11-24 19:16","98.90"
"2017-11-24 19:26","98.90"
"2017-11-24 19:36","98.89"
"2017-11-24 19:46","98.89"
"2017-11-24 19:56","98.87"
"2017-11-24 20:06","98.87"
"2017-11-24 20:16","98.88"
"2017-11-24 20:26","98.86"
"2017-11-24 20:36","98.85"
"2017-11-24 20:46","98.84"
"2017-11-24 20:56","98.83"
"2017-11-24 21:06","98.83"
"2017-11-24 21:16","98.83"
"2017-11-24 21:26","98.80"
"2017-11-24 21:36","98.81"
"2017-11-24 21:46","98.79"
"2017-11-24 21:56","98.79"
"2017-11-24 22:06","98.78"
"2017-11-24 22:16","98.74"
"2017-11-24 22:26","98.72"
"2017-11-24 22:36","98.72"
"2017-11-24 22:46","98.72"
"2017-11-24 22:56","98.70"
"2017-11-24 23:06","98.71"
"2017-11-24 23:16","98.69"
"2017-11-24 23:26","98.68"
"2017-11-24 23:36","98.68"
"2017-11-24 23:46","98.67"
"2017-11-24 23:56","98.67"
"2017-11-25 00:06","98.66"
"2017-11-25 00:16","98.66"
"2017-11-25 00:26","98.64"
"2017-11-25 00:36","98.62"
"2017-11-25 00:46","98.62"
"2017-11-25 00:56","98.63"
"2017-11-25 01:06","98.63"
"2017-11-25 01:16","98.64"
"2017-11-25 01:26","98.63"
"2017-11-25 01:36","98.61"
"2017-11-25 01:46","98.58"
"2017-11-25 01:56","98.55"
"2017-11-25 02:06","98.55"
"2017-11-25 02:16","98.55"
"2017-11-25 02:26","98.57"
"2017-11-25 02:46","98.55"
"2017-11-25 02:56","98.55"
"2017-11-25 03:07","98.54"
"2017-11-25 03:16","98.53"
"2017-11-25 03:26","98.52"
"2017-11-25 03:36","98.49"
"2017-11-25 03:46","98.46"
"2017-11-25 03:56","98.45"
"2017-11-25 04:06","98.45"
"2017-11-25 04:16","98.44"
"2017-11-25 04:26","98.44"
"2017-11-25 04:36","98.44"
"2017-11-25 04:46","98.43"
"2017-11-25 04:56","98.42"
"2017-11-25 05:06","98.41"
"2017-11-25 05:16","98.40"
"2017-11-25 05:26","98.39"
"2017-11-25 05:36","98.37"
"2017-11-25 05:46","98.38"
"2017-11-25 05:56","98.36"
"2017-11-25 06:06","98.36"
"2017-11-25 06:16","98.36"
"2017-11-25 06:26","98.35"
"2017-11-25 06:36","98.37"
"2017-11-25 06:46","98.38"
"2017-11-25 06:56","98.35"
"2017-11-25 07:06","98.35"
"2017-11-25 07:16","98.34"
"2017-11-25 07:26","98.36"
"2017-11-25 07:36","98.37"
"2017-11-25 07:46","98.37"
"2017-11-25 07:56","98.38"
"2017-11-25 08:06","98.38"
"2017-11-25 08:16","98.38"
"2017-11-25 08:26","98.38"
"2017-11-25 08:36","98.37"
"2017-11-25 08:46","98.39"
"2017-11-25 08:56","98.40"
"2017-11-25 09:06","98.43"
"2017-11-25 09:16","98.42"
"2017-11-25 09:26","98.43"
"2017-11-25 09:36","98.44"
"2017-11-25 09:46","98.45"
"2017-11-25 09:56","98.46"
"2017-11-25 10:06","98.47"
"2017-11-25 10:16","98.48"
"2017-11-25 10:26","98.47"
"2017-11-25 10:36","98.49"
"2017-11-25 10:46","98.50"
"2017-11-25 10:56","98.50"
"2017-11-25 11:06","98.50"
"2017-11-25 11:16","98.47"
"2017-11-25 11:26","98.46"
"2017-11-25 11:36","98.48"
"2017-11-25 11:46","98.48"
"2017-11-25 11:56","98.51"
"2017-11-25 12:06","98.51"
"2017-11-25 12:16","98.51"
"2017-11-25 12:26","98.52"
"2017-11-25 12:36","98.52"
"2017-11-25 12:46","98.53"
"2017-11-25 12:56","98.54"
"2017-11-25 13:06","98.53"
"2017-11-25 13:16","98.56"
"2017-11-25 13:26","98.58"
"2017-11-25 13:36","98.60"
"2017-11-25 13:46","98.60"
"2017-11-25 13:56","98.60"
"2017-11-25 14:06","98.60"
"2017-11-25 14:16","98.59"
"2017-11-25 14:26","98.59"
"2017-11-25 14:36","98.62"
"2017-11-25 14:46","98.62"
"2017-11-25 14:56","98.67"
"2017-11-25 15:06","98.67"
"2017-11-25 15:16","98.70"
"2017-11-25 15:26","98.69"
"2017-11-25 15:36","98.72"
"2017-11-25 15:46","98.72"
"2017-11-25 15:56","98.74"
"2017-11-25 16:06","98.74"
"2017-11-25 16:16","98.76"
"2017-11-25 16:26","98.76"
"2017-11-25 16:36","98.76"
"2017-11-25 16:46","98.78"
"2017-11-25 16:56","98.80"
"2017-11-25 17:06","98.82"
"2017-11-25 17:16","98.85"
"2017-11-25 17:26","98.86"
"2017-11-25 17:36","98.89"
"2017-11-25 17:46","98.90"
"2017-11-25 17:56","98.90"
"2017-11-25 18:06","98.93"
"2017-11-25 18:16","98.95"
"2017-11-25 18:26","98.96"
"2017-11-25 18:36","98.99"
"2017-11-25 18:46","99.00"
"2017-11-25 18:56","99.01"
"2017-11-25 19:06","99.03"
"2017-11-25 19:16","99.05"
"2017-11-25 19:26","99.07"
"2017-11-25 19:36","99.08"
"2017-11-25 19:46","99.08"
"2017-11-25 19:56","99.05"
"2017-11-25 20:06","99.06"
"2017-11-25 20:16","99.05"
"2017-11-25 20:26","99.06"
"2017-11-25 20:36","99.08"
"2017-11-25 20:46","99.09"
"2017-11-25 20:56","99.10"
"2017-11-25 21:06","99.10"
"2017-11-25 21:16","99.12"
"2017-11-25 21:26","99.13"
"2017-11-25 21:36","99.14"
"2017-11-25 21:46","99.15"
"2017-11-25 21:56","99.14"
"2017-11-25 22:06","99.15"
"2017-11-25 22:16","99.16"
"2017-11-25 22:26","99.16"
"2017-11-25 22:36","99.16"
"2017-11-25 22:46","99.17"
"2017-11-25 22:56","99.17"
"2017-11-25 23:06","99.18"
"2017-11-25 23:16","99.17"
"2017-11-25 23:26","99.18"
"2017-11-25 23:36","99.20"
"2017-11-25 23:46","99.21"
"2017-11-25 23:56","99.20"
"2017-11-26 00:07","99.20"
"2017-11-26 00:16","99.22"
"2017-11-26 00:27","99.23"
"2017-11-26 00:36","99.26"
"2017-11-26 00:46","99.25"
"2017-11-26 00:56","99.27"
"2017-11-26 01:07","99.29"
"2017-11-26 01:16","99.33"
"2017-11-26 01:26","99.33"
"2017-11-26 01:36","99.33"
"2017-11-26 01:46","99.33"
"2017-11-26 01:56","99.36"
"2017-11-26 02:06","99.37"
"2017-11-26 02:16","99.37"
"2017-11-26 02:26","99.39"
"2017-11-26 02:36","99.43"
"2017-11-26 02:48","99.43"
"2017-11-26 02:56","99.46"
"2017-11-26 03:06","99.46"
"2017-11-26 03:16","99.47"
"2017-11-26 03:26","99.47"
"2017-11-26 03:36","99.48"
"2017-11-26 03:52","99.49"
"2017-11-26 03:56","99.50"
"2017-11-26 04:06","99.51"
"2017-11-26 04:16","99.52"
"2017-11-26 04:26","99.53"
"2017-11-26 04:36","99.55"
"2017-11-26 04:46","99.58"
"2017-11-26 04:56","99.63"
"2017-11-26 05:06","99.65"
"2017-11-26 05:16","99.70"
"2017-11-26 05:26","99.74"
"2017-11-26 05:36","99.77"
"2017-11-26 05:46","99.78"
"2017-11-26 05:56","99.82"
"2017-11-26 06:06","99.83"
"2017-11-26 06:16","99.85"
"2017-11-26 06:26","99.85"
"2017-11-26 06:36","99.87"
"2017-11-26 06:46","99.90"
"2017-11-26 06:56","99.92"
"2017-11-26 07:06","99.92"
"2017-11-26 07:16","99.95"
"2017-11-26 07:26","99.95"
"2017-11-26 07:36","99.95"
"2017-11-26 07:46","99.97"
"2017-11-26 07:56","100.00"
"2017-11-26 08:06","100.01"
"2017-11-26 08:16","100.02"
"2017-11-26 08:26","100.02"
"2017-11-26 08:36","100.04"
"2017-11-26 08:46","100.05"
"2017-11-26 08:56","100.09"
"2017-11-26 09:06","100.11"
"2017-11-26 09:16","100.10"
"2017-11-26 09:26","100.11"
"2017-11-26 09:36","100.11"
"2017-11-26 09:46","100.11"
"2017-11-26 09:56","100.12"
"2017-11-26 10:06","100.12"
"2017-11-26 10:16","100.10"
"2017-11-26 10:26","100.09"
"2017-11-26 10:36","100.13"
"2017-11-26 10:46","100.14"
"2017-11-26 10:56","100.13"
"2017-11-26 11:06","100.13"
"2017-11-26 11:16","100.13"
"2017-11-26 11:26","100.12"
"2017-11-26 11:36","100.08"
"2017-11-26 11:46","100.07"
"2017-11-26 11:56","100.03"
"2017-11-26 12:06","100.02"
"2017-11-26 12:16","100.01"
"2017-11-26 12:26","100.00"
"2017-11-26 12:36","99.97"
"2017-11-26 12:46","99.94"
"2017-11-26 12:56","99.90"
"2017-11-26 13:06","99.88"
"2017-11-26 13:16","99.86"
"2017-11-26 13:26","99.85"
"2017-11-26 13:36","99.82"
"2017-11-26 13:46","99.80"
"2017-11-26 13:56","99.81"
"2017-11-26 14:06","99.80"
"2017-11-26 14:16","99.79"
"2017-11-26 14:26","99.79"
"2017-11-26 14:36","99.78"
"2017-11-26 14:46","99.78"
"2017-11-26 14:56","99.76"
"2017-11-26 15:06","99.76"
"2017-11-26 15:16","99.75"
"2017-11-26 15:26","99.75"
"2017-11-26 15:36","99.74"
"2017-11-26 15:46","99.74"
"2017-11-26 15:56","99.73"
"2017-11-26 16:06","99.72"
"2017-11-26 16:16","99.69"
"2017-11-26 16:26","99.68"
"2017-11-26 16:36","99.67"
"2017-11-26 16:46","99.66"
"2017-11-26 16:57","99.64"
"2017-11-26 17:06","99.62"
"2017-11-26 17:16","99.60"
"2017-11-26 17:26","99.61"
"2017-11-26 17:36","99.58"
"2017-11-26 17:46","99.55"
"2017-11-26 17:57","99.53"
"2017-11-26 18:06","99.53"
"2017-11-26 18:16","99.58"
"2017-11-26 18:26","99.59"
"2017-11-26 18:36","99.57"
"2017-11-26 18:46","99.57"
"2017-11-26 18:56","99.56"
"2017-11-26 19:06","99.57"
"2017-11-26 19:16","99.55"
"2017-11-26 19:26","99.54"
"2017-11-26 19:36","99.54"
"2017-11-26 19:46","99.54"
"2017-11-26 19:56","99.54"
"2017-11-26 20:06","99.53"
"2017-11-26 20:16","99.51"
"2017-11-26 20:26","99.50"
"2017-11-26 20:36","99.48"
"2017-11-26 20:46","99.46"
"2017-11-26 20:56","99.43"
"2017-11-26 21:06","99.41"
"2017-11-26 21:16","99.39"
"2017-11-26 21:26","99.37"
"2017-11-26 21:36","99.36"
"2017-11-26 21:46","99.35"
"2017-11-26 21:56","99.33"
"2017-11-26 22:06","99.33"
"2017-11-26 22:16","99.29"
"2017-11-26 22:26","99.27"
"2017-11-26 22:36","99.30"
"2017-11-26 22:46","99.32"
"2017-11-26 22:57","99.31"
"2017-11-26 23:06","99.32"
"2017-11-26 23:16","99.33"
"2017-11-26 23:26","99.32"
"2017-11-26 23:36","99.31"
"2017-11-26 23:46","99.31"
"2017-11-26 23:56","99.29"
"2017-11-27 00:06","99.28"
"2017-11-27 00:16","99.27"
"2017-11-27 00:26","99.25"
"2017-11-27 00:36","99.27"
"2017-11-27 00:46","99.27"
"2017-11-27 00:56","99.27"
"2017-11-27 01:06","99.28"
"2017-11-27 01:16","99.29"
"2017-11-27 01:26","99.31"
"2017-11-27 01:36","99.32"
"2017-11-27 01:46","99.32"
"2017-11-27 01:56","99.35"
"2017-11-27 02:06","99.36"
"2017-11-27 02:16","99.39"
"2017-11-27 02:26","99.40"
"2017-11-27 02:36","99.43"
"2017-11-27 02:46","99.45"
"2017-11-27 02:57","99.50"
"2017-11-27 03:06","99.51"
"2017-11-27 03:16","99.52"
"2017-11-27 03:26","99.53"
"2017-11-27 03:36","99.55"
"2017-11-27 03:46","99.55"
"2017-11-27 03:57","99.59"
"2017-11-27 04:06","99.60"
"2017-11-27 04:16","99.64"
"2017-11-27 04:26","99.66"
"2017-11-27 04:36","99.68"
"2017-11-27 04:46","99.69"
"2017-11-27 04:56","99.74"
"2017-11-27 05:06","99.74"
"2017-11-27 05:16","99.78"
"2017-11-27 05:26","99.79"
"2017-11-27 05:36","99.82"
"2017-11-27 05:46","99.84"
"2017-11-27 05:56","99.88"
"2017-11-27 06:06","99.92"
"2017-11-27 06:16","99.96"
"2017-11-27 06:26","99.97"
"2017-11-27 06:36","100.03"
"2017-11-27 06:46","100.06"
"2017-11-27 06:57","100.09"
"2017-11-27 07:06","100.09"
"2017-11-27 07:16","100.16"
"2017-11-27 07:26","100.17"
"2017-11-27 07:36","100.18"
"2017-11-27 07:46","100.19"
"2017-11-27 07:57","100.20"
"2017-11-27 08:06","100.21"
"2017-11-27 08:16","100.24"
"2017-11-27 08:26","100.25"
"2017-11-27 08:36","100.28"
"2017-11-27 08:46","100.30"
"2017-11-27 08:56","100.33"
"2017-11-27 09:06","100.35"
"2017-11-27 09:16","100.38"
"2017-11-27 09:26","100.40"
"2017-11-27 09:36","100.43"
"2017-11-27 09:46","100.42"
"2017-11-27 09:56","100.45"
"2017-11-27 10:06","100.46"
"2017-11-27 10:16","100.47"
"2017-11-27 10:26","100.47"
"2017-11-27 10:36","100.48"
"2017-11-27 10:46","100.48"
"2017-11-27 10:56","100.51"
"2017-11-27 11:06","100.51"
"2017-11-27 11:16","100.54"
"2017-11-27 11:26","100.53"
"2017-11-27 11:36","100.53"
"2017-11-27 11:46","100.54"
"2017-11-27 11:56","100.55"
"2017-11-27 12:06","100.55"
"2017-11-27 12:16","100.58"
"2017-11-27 12:26","100.58"
"2017-11-27 12:36","100.59"
"2017-11-27 12:46","100.60"
"2017-11-27 12:56","100.60"
"2017-11-27 13:06","100.62"
"2017-11-27 13:16","100.61"
"2017-11-27 13:26","100.63"
"2017-11-27 13:36","100.65"
"2017-11-27 13:46","100.65"
"2017-11-27 13:56","100.64"
"2017-11-27 14:06","100.65"
"2017-11-27 14:16","100.68"
"2017-11-27 14:26","100.69"
"2017-11-27 14:36","100.73"
"2017-11-27 14:46","100.74"
"2017-11-27 14:56","100.75"
"2017-11-27 15:06","100.75"
"2017-11-27 15:16","100.77"
"2017-11-27 15:26","100.78"
"2017-11-27 15:36","100.80"
"2017-11-27 15:46","100.80"
"2017-11-27 15:56","100.83"
"2017-11-27 16:06","100.84"
"2017-11-27 16:16","100.84"
"2017-11-27 16:26","100.86"
"2017-11-27 16:36","100.88"
"2017-11-27 16:46","100.88"
"2017-11-27 16:56","100.90"
"2017-11-27 17:06","100.91"
"2017-11-27 17:16","100.91"
"2017-11-27 17:26","100.91"
"2017-11-27 17:36","100.92"
"2017-11-27 17:46","100.92"
"2017-11-27 17:56","100.94"
"2017-11-27 18:06","100.94"
"2017-11-27 18:16","100.97"
"2017-11-27 18:26","100.98"
"2017-11-27 18:36","100.97"
"2017-11-27 18:46","100.98"
"2017-11-27 18:56","101.00"
"2017-11-27 19:06","101.02"
"2017-11-27 19:16","101.04"
"2017-11-27 19:26","101.05"
"2017-11-27 19:36","101.04"
"2017-11-27 19:46","101.06"
"2017-11-27 19:56","101.03"
"2017-11-27 20:06","101.01"
"2017-11-27 20:16","101.00"
"2017-11-27 20:26","101.01"
"2017-11-27 20:36","101.00"
"2017-11-27 20:46","101.01"
"2017-11-27 20:56","101.03"
"2017-11-27 21:06","101.04"
"2017-11-27 21:16","101.02"
"2017-11-27 21:26","101.04"
"2017-11-27 21:36","101.04"
"2017-11-27 21:46","101.05"
"2017-11-27 21:56","101.03"
"2017-11-27 22:06","101.04"
"2017-11-27 22:16","101.02"
"2017-11-27 22:26","101.06"
"2017-11-27 22:36","101.05"
"2017-11-27 22:46","101.06"
"2017-11-27 22:56","101.03"
"2017-11-27 23:06","101.06"
"2017-11-27 23:16","101.04"
"2017-11-27 23:26","101.01"
"2017-11-27 23:36","101.01"
"2017-11-27 23:46","101.02"
"2017-11-27 23:56","101.08"
"2017-11-28 00:06","101.10"
"2017-11-28 00:16","101.07"
"2017-11-28 00:26","101.06"
"2017-11-28 00:36","101.04"
"2017-11-28 00:46","101.05"
"2017-11-28 00:56","101.03"
"2017-11-28 01:06","101.05"
"2017-11-28 01:16","101.07"
"2017-11-28 01:26","101.07"
"2017-11-28 01:36","101.06"
"2017-11-28 01:46","101.07"
"2017-11-28 01:56","101.07"
"2017-11-28 02:06","101.05"
"2017-11-28 02:16","101.01"
"2017-11-28 02:26","101.03"
"2017-11-28 02:36","100.95"
"2017-11-28 02:47","100.95"
"2017-11-28 02:56","100.93"
"2017-11-28 03:06","100.92"
"2017-11-28 03:16","100.91"
"2017-11-28 03:26","100.94"
"2017-11-28 03:36","100.90"
"2017-11-28 03:46","100.89"
"2017-11-28 03:56","100.90"
"2017-11-28 04:06","100.90"
"2017-11-28 04:16","100.91"
"2017-11-28 04:26","100.88"
"2017-11-28 04:36","100.89"
"2017-11-28 04:46","100.89"
"2017-11-28 04:56","100.90"
"2017-11-28 05:06","100.89"
"2017-11-28 05:16","100.87"
"2017-11-28 05:26","100.86"
"2017-11-28 05:36","100.81"
"2017-11-28 05:46","100.83"
"2017-11-28 05:56","100.83"
"2017-11-28 06:06","100.80"
"2017-11-28 06:16","100.80"
"2017-11-28 06:26","100.81"
"2017-11-28 06:36","100.80"
"2017-11-28 06:46","100.80"
"2017-11-28 06:56","100.74"
"2017-11-28 07:06","100.73"
"2017-11-28 07:16","100.70"
"2017-11-28 07:26","100.71"
"2017-11-28 07:36","100.69"
"2017-11-28 07:46","100.68"
"2017-11-28 07:56","100.67"
"2017-11-28 08:06","100.68"
"2017-11-28 08:16","100.65"
"2017-11-28 08:26","100.64"
"2017-11-28 08:36","100.58"
"2017-11-28 08:46","100.59"
"2017-11-28 08:56","100.54"
"2017-11-28 09:06","100.53"
"2017-11-28 09:16","100.52"
"2017-11-28 09:26","100.50"
"2017-11-28 09:36","100.45"
"2017-11-28 09:46","100.44"
"2017-11-28 09:56","100.42"
"2017-11-28 10:06","100.41"
"2017-11-28 10:16","100.40"
"2017-11-28 10:26","100.37"
"2017-11-28 10:36","100.29"
"2017-11-28 10:46","100.26"
"2017-11-28 10:56","100.21"
"2017-11-28 11:06","100.21"
"2017-11-28 11:16","100.15"
"2017-11-28 11:26","100.12"
"2017-11-28 11:36","100.06"
"2017-11-28 11:46","100.05"
"2017-11-28 11:56","100.00"
"2017-11-28 12:06","100.00"
"2017-11-28 12:16","99.97"
"2017-11-28 12:26","99.96"
"2017-11-28 12:36","99.93"
"2017-11-28 12:46","99.92"
"2017-11-28 12:56","99.87"
"2017-11-28 13:06","99.84"
"2017-11-28 13:16","99.83"
"2017-11-28 13:26","99.84"
"2017-11-28 13:36","99.82"
"2017-11-28 13:46","99.81"
"2017-11-28 13:56","99.83"
"2017-11-28 14:06","99.82"
"2017-11-28 14:16","99.82"
"2017-11-28 14:26","99.79"
"2017-11-28 14:36","99.81"
"2017-11-28 14:46","99.80"
"2017-11-28 14:56","99.79"
"2017-11-28 15:06","99.79"
"2017-11-28 15:16","99.80"
"2017-11-28 15:26","99.81"
"2017-11-28 15:36","99.80"
"2017-11-28 15:46","99.80"
"2017-11-28 15:56","99.79"
"2017-11-28 16:06","99.79"
"2017-11-28 16:16","99.78"
"2017-11-28 16:26","99.76"
"2017-11-28 16:36","99.76"
"2017-11-28 16:46","99.75"
"2017-11-28 16:56","99.71"
"2017-11-28 17:06","99.73"
"2017-11-28 17:16","99.75"
"2017-11-28 17:26","99.74"
"2017-11-28 17:36","99.74"
"2017-11-28 17:46","99.73"
"2017-11-28 17:56","99.73"
"2017-11-28 18:06","99.75"
"2017-11-28 18:16","99.75"
"2017-11-28 18:26","99.74"
"2017-11-28 18:36","99.74"
"2017-11-28 18:46","99.73"
"2017-11-28 18:56","99.70"
"2017-11-28 19:06","99.68"
"2017-11-28 19:16","99.66"
"2017-11-28 19:26","99.63"
"2017-11-28 19:36","99.62"
"2017-11-28 19:46","99.59"
"2017-11-28 19:57","99.54"
"2017-11-28 20:06","99.53"
"2017-11-28 20:16","99.50"
"2017-11-28 20:26","99.49"
"2017-11-28 20:36","99.48"
"2017-11-28 20:46","99.49"
"2017-11-28 20:56","99.45"
"2017-11-28 21:06","99.43"
"2017-11-28 21:16","99.50"
"2017-11-28 21:26","99.50"
"2017-11-28 21:36","99.49"
"2017-11-28 21:46","99.50"
"2017-11-28 21:56","99.48"
"2017-11-28 22:06","99.49"
"2017-11-28 22:16","99.47"
"2017-11-28 22:26","99.45"
"2017-11-28 22:36","99.42"
"2017-11-28 22:46","99.43"
"2017-11-28 22:56","99.42"
"2017-11-28 23:06","99.43"
"2017-11-28 23:16","99.45"
"2017-11-28 23:26","99.46"
"2017-11-28 23:36","99.48"
"2017-11-28 23:46","99.47"
"2017-11-28 23:56","99.46"
"2017-11-29 00:06","99.45"
"2017-11-29 00:16","99.44"
"2017-11-29 00:26","99.44"
"2017-11-29 00:36","99.43"
"2017-11-29 00:46","99.43"
"2017-11-29 00:56","99.43"
"2017-11-29 01:06","99.45"
"2017-11-29 01:16","99.44"
"2017-11-29 01:26","99.46"
"2017-11-29 01:36","99.49"
"2017-11-29 01:46","99.51"
"2017-11-29 01:56","99.50"
"2017-11-29 02:06","99.52"
"2017-11-29 02:16","99.54"
"2017-11-29 02:26","99.55"
"2017-11-29 02:36","99.57"
"2017-11-29 02:46","99.58"
"2017-11-29 02:56","99.59"
"2017-11-29 03:06","99.60"
"2017-11-29 03:16","99.60"
"2017-11-29 03:26","99.61"
"2017-11-29 03:36","99.63"
"2017-11-29 03:46","99.64"
"2017-11-29 03:56","99.64"
"2017-11-29 04:06","99.64"
"2017-11-29 04:16","99.66"
"2017-11-29 04:26","99.67"
"2017-11-29 04:36","99.69"
"2017-11-29 04:46","99.70"
"2017-11-29 04:56","99.72"
"2017-11-29 05:06","99.72"
"2017-11-29 05:16","99.72"
"2017-11-29 05:26","99.73"
"2017-11-29 05:36","99.74"
"2017-11-29 05:46","99.75"
"2017-11-29 05:56","99.75"
"2017-11-29 06:06","99.74"
"2017-11-29 06:16","99.76"
"2017-11-29 06:26","99.78"
"2017-11-29 06:36","99.81"
"2017-11-29 06:46","99.81"
"2017-11-29 06:56","99.83"
"2017-11-29 07:06","99.84"
"2017-11-29 07:16","99.86"
"2017-11-29 07:26","99.87"
"2017-11-29 07:36","99.89"
"2017-11-29 07:46","99.92"
"2017-11-29 07:56","99.93"
"2017-11-29 08:06","99.95"
"2017-11-29 08:16","99.98"
"2017-11-29 08:26","99.98"
"2017-11-29 08:36","100.04"
"2017-11-29 08:46","100.04"
"2017-11-29 08:57","100.10"
"2017-11-29 09:06","100.11"
"2017-11-29 09:16","100.17"
"2017-11-29 09:26","100.17"
"2017-11-29 09:36","100.20"
"2017-11-29 09:46","100.22"
"2017-11-29 09:57","100.27"
"2017-11-29 10:06","100.27"
"2017-11-29 10:16","100.42"
"2017-11-29 10:26","100.45"
"2017-11-29 10:36","100.47"
"2017-11-29 10:46","100.46"
"2017-11-29 10:57","100.50"
"2017-11-29 11:06","100.51"
"2017-11-29 11:16","100.53"
"2017-11-29 11:26","100.53"
"2017-11-29 11:36","100.55"
"2017-11-29 11:46","100.58"
"2017-11-29 11:57","100.62"
"2017-11-29 12:06","100.65"
"2017-11-29 12:16","100.65"
"2017-11-29 12:26","100.67"
"2017-11-29 12:36","100.69"
"2017-11-29 12:46","100.72"
"2017-11-29 12:57","100.72"
"2017-11-29 13:06","100.73"
"2017-11-29 13:16","100.77"
"2017-11-29 13:26","100.78"
"2017-11-29 13:36","100.81"
"2017-11-29 13:46","100.82"
"2017-11-29 13:57","100.83"
"2017-11-29 14:06","100.84"
"2017-11-29 14:16","100.86"
"2017-11-29 14:26","100.90"
"2017-11-29 14:36","100.90"
"2017-11-29 14:46","100.92"
"2017-11-29 14:57","100.96"
"2017-11-29 15:06","100.97"
"2017-11-29 15:16","100.98"
"2017-11-29 15:26","100.99"
"2017-11-29 15:36","100.98"
"2017-11-29 15:46","101.00"
"2017-11-29 15:57","101.02"
"2017-11-29 16:06","101.04"
"2017-11-29 16:16","101.05"
"2017-11-29 16:26","101.05"
"2017-11-29 16:36","101.08"
"2017-11-29 16:46","101.09"
"2017-11-29 16:57","101.10"
"2017-11-29 17:06","101.10"
"2017-11-29 17:16","101.10"
"2017-11-29 17:26","101.11"
"2017-11-29 17:36","101.13"
"2017-11-29 17:46","101.16"
"2017-11-29 17:57","101.18"
"2017-11-29 18:06","101.19"
"2017-11-29 18:16","101.19"
"2017-11-29 18:26","101.21"
"2017-11-29 18:36","101.23"
"2017-11-29 18:46","101.24"
"2017-11-29 18:57","101.26"
"2017-11-29 19:06","101.26"
"2017-11-29 19:16","101.28"
"2017-11-29 19:26","101.27"
"2017-11-29 19:36","101.25"
"2017-11-29 19:46","101.27"
"2017-11-29 19:56","101.27"
"2017-11-29 20:06","101.27"
"2017-11-29 20:16","101.25"
"2017-11-29 20:26","101.25"
"2017-11-29 20:36","101.26"
"2017-11-29 20:46","101.25"
"2017-11-29 20:57","101.23"
"2017-11-29 21:06","101.22"
"2017-11-29 21:16","101.18"
"2017-11-29 21:26","101.19"
"2017-11-29 21:36","101.22"
"2017-11-29 21:46","101.23"
"2017-11-29 21:57","101.24"
"2017-11-29 22:06","101.24"
"2017-11-29 22:16","101.21"
"2017-11-29 22:26","101.22"
"2017-11-29 22:36","101.22"
"2017-11-29 22:46","101.20"
"2017-11-29 22:57","101.19"
"2017-11-29 23:06","101.20"
"2017-11-29 23:16","101.18"
"2017-11-29 23:26","101.18"
"2017-11-29 23:36","101.16"
"2017-11-29 23:46","101.14"
"2017-11-29 23:57","101.15"
"2017-11-30 00:06","101.13"
"2017-11-30 00:16","101.09"
"2017-11-30 00:26","101.08"
"2017-11-30 00:36","101.05"
"2017-11-30 00:46","101.05"
"2017-11-30 00:57","101.05"
"2017-11-30 01:06","101.03"
"2017-11-30 01:16","101.01"
"2017-11-30 01:26","101.01"
"2017-11-30 01:36","100.98"
"2017-11-30 01:46","100.98"
"2017-11-30 01:57","100.97"
"2017-11-30 02:06","100.98"
"2017-11-30 02:16","100.95"
"2017-11-30 02:26","100.94"
"2017-11-30 02:36","100.95"
"2017-11-30 02:51","100.96"
"2017-11-30 02:57","100.93"
"2017-11-30 03:16","100.89"
"2017-11-30 03:18","100.90"
"2017-11-30 03:26","100.89"
"2017-11-30 03:36","100.87"
"2017-11-30 03:46","100.87"
"2017-11-30 03:57","100.85"
"2017-11-30 04:06","100.84"
"2017-11-30 04:16","100.84"
"2017-11-30 04:26","100.84"
"2017-11-30 04:36","100.83"
"2017-11-30 04:46","100.81"
"2017-11-30 04:57","100.80"
"2017-11-30 05:06","100.80"
"2017-11-30 05:16","100.79"
"2017-11-30 05:26","100.76"
"2017-11-30 05:36","100.72"
"2017-11-30 05:46","100.71"
"2017-11-30 05:57","100.70"
"2017-11-30 06:06","100.67"
"2017-11-30 06:16","100.64"
"2017-11-30 06:26","100.65"
"2017-11-30 06:36","100.63"
"2017-11-30 06:46","100.60"
"2017-11-30 06:57","100.55"
"2017-11-30 07:06","100.53"
"2017-11-30 07:16","100.48"
"2017-11-30 07:26","100.49"
"2017-11-30 07:36","100.49"
"2017-11-30 07:46","100.49"
"2017-11-30 07:57","100.44"
"2017-11-30 08:06","100.43"
"2017-11-30 08:16","100.36"
"2017-11-30 08:26","100.36"
"2017-11-30 08:36","100.34"
"2017-11-30 08:46","100.32"
"2017-11-30 08:57","100.24"
"2017-11-30 09:06","100.24"
"2017-11-30 09:16","100.22"
"2017-11-30 09:26","100.22"
"2017-11-30 09:36","100.22"
"2017-11-30 09:46","100.21"
"2017-11-30 09:57","100.17"
"2017-11-30 10:06","100.17"
"2017-11-30 10:16","100.09"
"2017-11-30 10:26","100.10"
"2017-11-30 10:36","100.08"
"2017-11-30 10:46","100.06"
"2017-11-30 10:57","100.00"
"2017-11-30 11:06","100.01"
"2017-11-30 11:16","99.97"
"2017-11-30 11:26","99.94"
"2017-11-30 11:36","99.88"
"2017-11-30 11:46","99.84"
"2017-11-30 11:57","99.80"
"2017-11-30 12:06","99.79"
"2017-11-30 12:16","99.77"
"2017-11-30 12:26","99.75"
"2017-11-30 12:36","99.70"
"2017-11-30 12:46","99.68"
"2017-11-30 12:57","99.59"
"2017-11-30 13:06","99.59"
"2017-11-30 13:16","99.54"
"2017-11-30 13:26","99.53"
"2017-11-30 13:36","99.49"
"2017-11-30 13:46","99.51"
"2017-11-30 13:56","99.48"
"2017-11-30 14:06","99.52"
"2017-11-30 14:16","99.54"
"2017-11-30 14:26","99.52"
"2017-11-30 14:36","99.50"
"2017-11-30 14:46","99.51"
"2017-11-30 14:57","99.53"
"2017-11-30 15:06","99.51"
"2017-11-30 15:16","99.48"
"2017-11-30 15:26","99.45"
"2017-11-30 15:36","99.44"
"2017-11-30 15:46","99.44"
"2017-11-30 15:57","99.43"
"2017-11-30 16:06","99.42"
"2017-11-30 16:16","99.41"
"2017-11-30 16:27","99.40"
"2017-11-30 16:36","99.41"
"2017-11-30 16:46","99.39"
"2017-11-30 16:57","99.38"
"2017-11-30 17:06","99.38"
"2017-11-30 17:16","99.39"
"2017-11-30 17:26","99.39"
"2017-11-30 17:36","99.41"
"2017-11-30 17:46","99.40"
"2017-11-30 17:56","99.39"
"2017-11-30 18:06","99.39"
"2017-11-30 18:16","99.40"
"2017-11-30 18:26","99.41"
"2017-11-30 18:36","99.42"
"2017-11-30 18:46","99.43"
"2017-11-30 18:57","99.46"
"2017-11-30 19:06","99.47"
"2017-11-30 19:16","99.49"
"2017-11-30 19:26","99.51"
"2017-11-30 19:36","99.52"
"2017-11-30 19:46","99.52"
"2017-11-30 19:57","99.53"
"2017-11-30 20:06","99.55"
"2017-11-30 20:16","99.57"
"2017-11-30 20:26","99.57"
"2017-11-30 20:36","99.59"
"2017-11-30 20:46","99.60"
"2017-11-30 20:57","99.59"
"2017-11-30 21:06","99.59"
"2017-11-30 21:16","99.60"
"2017-11-30 21:26","99.61"
"2017-11-30 21:36","99.61"
"2017-11-30 21:46","99.61"
"2017-11-30 21:57","99.63"
"2017-11-30 22:06","99.63"
"2017-11-30 22:16","99.65"
"2017-11-30 22:26","99.66"
"2017-11-30 22:36","99.69"
"2017-11-30 22:46","99.70"
"2017-11-30 22:57","99.72"
"2017-11-30 23:06","99.73"
"2017-11-30 23:16","99.74"
"2017-11-30 23:26","99.76"
"2017-11-30 23:36","99.77"
"2017-11-30 23:46","99.79"
"2017-11-30 23:57","99.80"